公司全名,公司简称,公司规模,融资阶段,区域,职位名称,工作经验,学历要求,薪资,职位福利,经营范围,职位类型,公司福利,第二职位类型,城市
上海海万信息科技股份有限公司,海万科技,500-2000人,不需要融资,福田区,python开发（数据分析）,3-5年,本科,10k-15k,五险一金，节假日福利,"移动互联网,金融",开发|测试|运维类,[],后端开发,深圳
上海莱壳企业管理有限公司,wlaike,150-500人,B轮,天河区,python开发工程师,不限,本科,30k-60k,保底16薪，五险一金，带薪年假，出国旅行,"移动互联网,企业服务",开发|测试|运维类,"['年底双薪', '帅哥多', '绩效奖金', '专项奖金']",后端开发,广州
普华永道信息技术（上海）有限公司,PwC,500-2000人,未融资,浦东新区,Python开发工程师,5-10年,本科,20k-25k,外企福利 技术前沿 Python开发,"移动互联网,金融",开发|测试|运维类,"['年底双薪', '交通补助', '绩效奖金', '午餐补助']",后端开发,上海
秒针信息技术有限公司,明略科技集团,2000人以上,D轮及以上,长宁区,python开发工程师,3-5年,本科,15k-25k,福利待遇 发展前景,"数据服务,广告营销",开发|测试|运维类,"['六险一金', '年底双薪', '绩效奖金', '完成E轮融资']",后端开发,上海
深圳市比一比网络科技有限公司,深圳市比一比网络科技有限公司,50-150人,A轮,南山区,python工程师,3-5年,大专,10k-20k,"双休,五险一金,大数据,氛围好","电商,数据服务",开发|测试|运维类,"['技能培训', '股票期权', '带薪年假', '岗位晋升']",后端开发,深圳
上海涌驰信息技术有限公司,涌驰信息,150-500人,不需要融资,天河区,Python工程师,3-5年,本科,13k-17k,五险一金 带薪年假 做五休二,软件开发,开发|测试|运维类,[],后端开发,广州
广州掌昆网络科技有限公司,掌昆游戏,150-500人,不需要融资,海珠区,python,1年以下,本科,6k-8k,氛围简单 双薪双休 包餐 年终奖金,"移动互联网,游戏",开发|测试|运维类,"['绩效奖金', '年底双薪', '年终分红', '带薪年假']",后端开发,广州
因诺（上海）资产管理有限公司,因诺,15-50人,不需要融资,西城区,Python开发工程师,1-3年,硕士,15k-20k,"扁平管理,牛人团队,绩效奖金,六险一金",金融,开发|测试|运维类,"['扁平管理', '技能培训', '领导好', '弹性工作']",后端开发,北京
浙江金科文化产业股份有限公司,金科文化,150-500人,上市公司,天河区,python开发工程师,1-3年,大专,8k-10k,环境优越 待遇丰厚,移动互联网,开发|测试|运维类,"['带薪年假', '交通补助', '通讯津贴', '午餐补助']",后端开发,广州
北京爱数智慧科技有限公司,爱数智慧,50-150人,A轮,海淀区,python开发工程师,不限,本科,7k-10k,"人工智能,加班补助,补充医疗,五险一金",人工智能,开发|测试|运维类,[],后端开发,北京
北京字节跳动科技有限公司,字节跳动,2000人以上,C轮,闵行区,Python开发工程师（研发效率方向）,3-5年,本科,25k-50k,六险一金，弹性工作，免费三餐，租房补贴,文娱丨内容,开发|测试|运维类,"['扁平管理', '弹性工作', '大厨定制三餐', '就近租房补贴']",后端开发,上海
信迪网络资讯有限公司,信迪网络资讯有限公司,150-500人,不需要融资,南山区,python开发工程师,1-3年,本科,10k-16k,项目前景好，团队氛围棒,"移动互联网,社交",开发|测试|运维类,"['年底双薪', '带薪年假', '弹性工作', '领导好']",后端开发,深圳
上海迈外迪网络科技有限公司,迈外迪,150-500人,D轮及以上,朝阳区,python工程师（公共平台中心）,3-5年,本科,15k-25k,交通便利，团队氛围好，有上升空间,"移动互联网,消费生活",开发|测试|运维类,"['岗位晋升', '管理规范', '带薪年假', '交通补助']",后端开发,北京
南通东华软件有限公司,南通东华软件,150-500人,上市公司,西湖区,python开发,3-5年,本科,14k-18k,双休 平台好 五险一金 带薪休假,"信息安全,数据服务",开发|测试|运维类,[],后端开发,杭州
广州威尔森信息科技有限公司,Ways,150-500人,未融资,天河区,Python开发工程师,1-3年,不限,9k-14k,五险一金 带薪假期 周末双休,企业服务,开发|测试|运维类,"['年底双薪', '节日礼物', '带薪年假', '绩效奖金']",后端开发,广州
深圳市比一比网络科技有限公司,深圳市比一比网络科技有限公司,50-150人,A轮,南山区,python开发工程师,1-3年,本科,12k-16k,大数据 薪资待遇高 老板格局高,"电商,数据服务",开发|测试|运维类,"['技能培训', '股票期权', '带薪年假', '岗位晋升']",后端开发,深圳
永杨安风（北京）科技有限公司,LBE 科技,50-150人,B轮,朝阳区,python研发工程师,3-5年,本科,15k-30k,六险一金+定期体检+绩效奖金+水果零食,移动互联网,开发|测试|运维类,"['绩效奖金', '专项奖金', '带薪年假', '节日礼物']",后端开发,北京
北京力码科技有限公司,力码科技,50-150人,A轮,朝阳区,python开发工程师,3-5年,本科,20k-35k,六险一金、福利待遇好、,"移动互联网,企业服务",开发|测试|运维类,"['六险一金', '带薪年假', '定期体检', '扁平管理']",后端开发,北京
乐格商业咨询（深圳）有限公司,乐格信息,150-500人,A轮,福田区,高级python,5-10年,大专,20k-35k,"外企, 个人成长，领导nice","企业服务,数据服务",开发|测试|运维类,"['节日礼物', '技能培训', '职业发展预期', '岗位晋升']",后端开发,深圳
北京旷视科技有限公司,旷视MEGVII,500-2000人,D轮及以上,海淀区,python平台开发工程师,1-3年,本科,22k-35k,父母百万医疗保险 弹性工作 免费三餐,人工智能,开发|测试|运维类,"['科技大牛公司', '自助三餐', '年终多薪', '超长带薪假期']",后端开发,北京
天思（上海）国际贸易有限公司,TRADE X （上海）,150-500人,不需要融资,徐汇区,Python后端高级工程师,3-5年,本科,25k-40k,国际化团队，免费英语健身,"金融,汽车丨出行",开发|测试|运维类,[],后端开发,上海
北京金道天成信息系统服务有限公司,金道天成,500-2000人,不需要融资,西湖区,Python后端开发,3-5年,本科,11k-18k,提供宿舍,"移动互联网,企业服务",开发|测试|运维类,"['年底双薪', '带薪年假', '定期体检', '节日礼物']",后端开发,杭州
苏州研途教育科技有限公司,研途教育,150-500人,A轮,工业园区,python开发工程师,3-5年,本科,10k-13k,全额五险一金 饭补 年终奖,"教育,移动互联网",开发|测试|运维类,[],后端开发,苏州
云量科技（北京）有限责任公司,云量科技,15-50人,天使轮,朝阳区,Python开发工程师（高级）,3-5年,本科,15k-25k,"广阔平台,优秀团队","移动互联网,金融",开发|测试|运维类,"['带薪年假', '午餐补助', '弹性工作', '扁平管理']",人工智能,北京
京东数字科技控股有限公司,京东数字科技,2000人以上,上市公司,拱墅区,高级python开发工程师（杭州）,5-10年,本科,20k-30k,超级广阔的发展前景、超级棒的福利,金融,开发|测试|运维类,"['供应链金融', '消费金融', '众筹业务', '支付业务']",后端开发,杭州
源杉数据科技（上海）有限公司,源杉FIR.ai,15-50人,天使轮,杨浦区,python开发工程师,5-10年,本科,15k-30k,"精英团队,发展空间,股权激励,行业大牛","数据服务,金融",开发|测试|运维类,"['股票期权', '美女多', '领导好', '扁平管理']",后端开发,上海
成都益嘉互动网络科技有限公司,成都益嘉互动网络科技有限公司,15-50人,未融资,高新区,python开发工程师,3-5年,大专,10k-15k,多元化发展，晋升空间大,"移动互联网,游戏",开发|测试|运维类,[],后端开发,成都
上海析乐数据服务有限公司,析乐数据,15-50人,A轮,浦东新区,python开发工程师（电竞行业）,1-3年,本科,15k-25k,"餐补车补,绩效奖金,过节费,生日礼金","数据服务,游戏",开发|测试|运维类,"['带薪年假', '交通补助', '午餐补助', '定期旅行']",后端开发,上海
北京富华创新科技发展有限责任公司,金融界网站（互联网证券）,500-2000人,上市公司,西城区,python开发工程师,1-3年,硕士,10k-18k,上市公司 股票期权,"移动互联网,金融",开发|测试|运维类,"['技能培训', '过节费', '带薪年假', '岗位晋升']",后端开发,北京
网易（杭州）有限公司,网易,2000人以上,上市公司,天河区,Python后台开发工程师,3-5年,本科,12k-24k,6险1金 16薪 免费食堂 健身房,电商,开发|测试|运维类,"['节日礼物', '技能培训', '免费班车', '带薪年假']",后端开发,广州
威讯柏睿数据科技（北京）有限公司,柏睿数据,50-150人,B轮,洪山区,Python开发（应届）,不限,本科,6k-12k,大数据 多绩效 BI 数据仓储,"数据服务,信息安全",开发|测试|运维类,"['股票期权', '专项奖金', '带薪年假', '弹性工作']",后端开发,武汉
同方信息系统有限公司,同方信息,50-150人,不需要融资,南山区,python开发工程师,5-10年,本科,20k-40k,福利好、补贴多、弹性制、双休、奖金多,移动互联网,开发|测试|运维类,"['年底双薪', '节日礼物', '技能培训', '正能量']",后端开发,深圳
北京快快网络技术有限公司,真融宝,150-500人,B轮,海淀区,Python开发实习生,应届毕业生,本科,4k-5k,技术提升 技术大牛团队,金融,开发|测试|运维类,"['员工福利丰富', '高薪期权', '热门行业', '免费工作餐']",后端开发,北京
正大电子商务（浙江）有限公司,正大电商,2000人以上,未融资,海淀区,python后端,3-5年,本科,25k-45k,跨国大型企业，全额五险一金,"电商,消费生活",开发|测试|运维类,[],后端开发,北京
上海邦阔信息科技有限公司,邦阔信息科技,15-50人,天使轮,浦东新区,Python开发实习工程师,应届毕业生,本科,2k-3k,科技企业提供优先上海户口办理名额,"数据服务,人工智能",开发|测试|运维类,[],数据开发,上海
深圳市云笈科技有限公司,深圳市云笈科技有限公司,15-50人,未融资,南山区,Python后台开发工程师,3-5年,大专,20k-25k,平台 周末双休 氛围好,移动互联网,开发|测试|运维类,"['五险一金', '领导好', '带薪年假', '绩效奖金']",后端开发,深圳
北京国双科技有限公司,Gridsum 国双,500-2000人,上市公司,海淀区,python/go开发实习生,应届毕业生,本科,2k-4k,福利待遇好,"数据服务,企业服务",开发|测试|运维类,"['节日礼物', '年底双薪', '带薪年假', '午餐补助']",后端开发,北京
深圳极钛星华信息技术有限公司,Geartech,15-50人,A轮,南山区,Python 后台开发工程师,3-5年,本科,10k-15k,弹性工作制/每天水果零食和饮料/氛围自由,"移动互联网,硬件",开发|测试|运维类,"['股票期权', '带薪年假', '扁平管理', '五险一金']",后端开发,深圳
Biss,币市BISS,15-50人,不需要融资,朝阳区,python实习（毕业后转正）,应届毕业生,本科,5k-7k,区块链新赛道，氛围好牛人多，发展潜力高,区块链,开发|测试|运维类,[],后端开发,北京
北京比链科技有限公司,比链科技,150-500人,B轮,海淀区,python后端leader,3-5年,本科,20k-35k,市场前景广阔 交通便利 上升空间大,"金融,电商",开发|测试|运维类,"['午餐补助', '领导nice', '公司氛围好', '移动互联网']",后端开发,北京
深信服科技股份有限公司,深信服科技集团,2000人以上,不需要融资,南山区,python开发工程师,不限,本科,12k-24k,"平台大,福利好,薪资高","信息安全,企业服务",开发|测试|运维类,"['三餐全包', '大牛超多', '年终奖超多', '大公司，稳定']",后端开发,深圳
平安科技（深圳）有限公司,平安科技,2000人以上,不需要融资,朝阳区,11215N-Python开发工程师,3-5年,本科,15k-30k,"五险一金,带薪年假,节日福利,绩效奖金",金融,开发|测试|运维类,"['六险一金', '扁平化管理', '丰厚年终', '丰富技术交流']",后端开发,北京
达而观信息科技（上海）有限公司,达观数据,150-500人,B轮,南山区,高级python开发工程师,3-5年,本科,20k-30k,"人工智能,准独角兽,技术氛围浓,发展空间",人工智能,开发|测试|运维类,"['AI人工智能', 'NLP', '技术领先', '市场口碑佳']",后端开发,深圳
北京香侬慧语科技有限责任公司,香侬科技,50-150人,A轮,海淀区,python开发工程师,1-3年,本科,15k-20k,大牛带队、亿级融资、地铁周边、零食无限,"企业服务,数据服务",开发|测试|运维类,"['股票期权', '专项奖金', '绩效奖金', '年终分红']",后端开发,北京
生仝智能科技（北京）有限公司,生仝智能,15-50人,天使轮,大兴区,python工程师,不限,硕士,14k-20k,集团子公司，新成立团队，前景广阔，,移动互联网,开发|测试|运维类,"['绩效奖金', '专项奖金', '午餐补助', '定期体检']",后端开发,北京
达而观信息科技（上海）有限公司,达观数据,150-500人,B轮,海淀区,高级python开发工程师,3-5年,本科,20k-30k,"大牛团队,技术领先,发展迅速,准独角兽",人工智能,开发|测试|运维类,"['AI人工智能', 'NLP', '技术领先', '市场口碑佳']",后端开发,北京
深圳市乐易网络股份有限公司,乐易网络,150-500人,不需要融资,南山区,python开发工程师,1-3年,本科,8k-16k,丰厚年终，两次旅游，两次调薪,"移动互联网,游戏",开发|测试|运维类,"['技术大牛', '两次年度旅游', '福利倍儿好', '年终奖丰厚']",后端开发,深圳
杭州知衣科技有限公司,知衣科技,50-150人,A轮,萧山区,python,1-3年,本科,15k-25k,大牛团队 大数据产品,"移动互联网,电商",开发|测试|运维类,"['绩效奖金', '股票期权', '扁平管理', '弹性工作']",后端开发,杭州
广州回头车信息科技有限公司,省省回头车,50-150人,A轮,天河区,python开发工程师,3-5年,不限,15k-25k,周末双休 年底13-15薪 弹性上班,消费生活,开发|测试|运维类,"['五险一金', '带薪年假', '年度旅游', '岗位晋升']",后端开发,广州
海致网络技术（北京）有限公司,海致,150-500人,C轮,海淀区,Python开发工程师（后台）,3-5年,本科,20k-30k,金融大数据 独角兽 有期权,"移动互联网,企业服务",开发|测试|运维类,"['股票期权', '带薪年假', '弹性工作', '扁平管理']",后端开发,北京
武汉小果科技有限公司,森果,50-150人,天使轮,江夏区,Python开发工程师,1-3年,本科,9k-15k,技术大牛，分享会，自主研发，提供mac,"移动互联网,企业服务",开发|测试|运维类,"['股票期权', '弹性工作', '节日礼物', '领导好']",后端开发,武汉
上海斯干网络科技有限公司,斯干,150-500人,B轮,徐汇区,Python开发工程师,3-5年,本科,15k-25k,"上升空间,技术大牛,漫展免费进,福利多多","移动互联网,文娱丨内容",开发|测试|运维类,"['节日礼物', '股票期权', '扁平管理', '帅哥多']",后端开发,上海
鲨鱼快游网络技术（北京）有限公司,鲨鱼记账,15-50人,天使轮,海淀区,Python开发工程师,1-3年,本科,15k-25k,五险一金，免费午餐，假日福利，快速成长,移动互联网,开发|测试|运维类,"['午餐补助', '免费班车', '扁平管理', '五险一金']",后端开发,北京
深圳市贝多分金融科技有限公司,贝多分金融,50-150人,A轮,福田区,python开发工程师,3-5年,大专,15k-25k,互联网金融,"金融,电商",开发|测试|运维类,[],后端开发,深圳
上海进馨网络科技有限公司,纳米盒,150-500人,C轮,浦东新区,Python开发工程师,5-10年,本科,15k-30k,发展前景大、工作氛围好、技术牛人多,"移动互联网,教育",开发|测试|运维类,"['股票期权', '岗位晋升', '扁平管理', '五险一金']",后端开发,上海
武汉极意网络科技有限公司,极验,50-150人,B轮,东湖新技术开发区,Python（极验验证）,3-5年,不限,9k-18k,双休+弹性工作制+五险一金+餐补,"信息安全,数据服务",开发|测试|运维类,"['股票期权', '绩效奖金', '交通补助', '带薪年假']",后端开发,武汉
心灵失重（北京）科技有限公司,糗事百科,150-500人,A轮,南山区,Python,3-5年,本科,15k-30k,老司机来开车,移动互联网,开发|测试|运维类,"['媲美名企高薪', '无限量零食', '五险一金', '年度旅游']",后端开发,深圳
深圳市零壹移动互联系统有限公司,零壹互联,150-500人,B轮,龙华新区,python开发工程师,3-5年,本科,15k-25k,人工智能 深度学习 车辆,"移动互联网,消费生活",开发|测试|运维类,"['年底双薪', '节日礼物', '年度旅游', '岗位晋升']",后端开发,深圳
北京摩尔宝宝网络科技有限公司,摩尔妈妈,15-50人,A轮,朝阳区,python开发工程师,1-3年,本科,15k-25k,"大牛带队,注重成长,季度奖金,免费午餐",移动互联网,开发|测试|运维类,"['大牛带队', '注重成长', '硅谷范儿', '免费午餐']",后端开发,北京
成都欧督系统科技有限公司,欧督（成都）,50-150人,天使轮,高新区,python开发,3-5年,本科,12k-24k,javascript 框架开发,"企业服务,电商",开发|测试|运维类,"['股票期权', '绩效奖金', '定期培训', '架构优化']",后端开发,成都
广州嘉煌文化传播有限公司,嘉煌文化传播,50-150人,不需要融资,天河区,python开发,3-5年,大专,9k-15k,五险一金 周末双休 团队氛围好 项目奖金,"体育,软件开发",开发|测试|运维类,"['弹性工作', '节日礼物', '扁平管理', '技能培训']",后端开发,广州
北京势在必行网络科技有限公司,币信,50-150人,不需要融资,朝阳区,python开发工程师,3-5年,本科,15k-25k,弹性工作 五险一金 年度体检 午晚餐,移动互联网,开发|测试|运维类,"['带薪年假', '午餐补助', '定期体检', '弹性工作']",后端开发,北京
上海大岂网络科技有限公司,MoSeeker仟寻,50-150人,B轮,徐汇区,python工程师,3-5年,本科,15k-22k,福利多多 技术大牛多 超长年假,移动互联网,开发|测试|运维类,"['带薪年假', '定期体检', '年终分红', '节日礼物']",后端开发,上海
上海海知智能科技有限公司,海知智能,50-150人,A轮,南山区,Python开发工程师,3-5年,本科,20k-40k,"人工智能,技术大牛,成长空间大,创新前沿","移动互联网,数据服务",开发|测试|运维类,"['晋升空间大', '硅谷管理风格', '创新前沿', '尊重个性']",后端开发,深圳
北京凌云雀科技有限公司,灵雀云,150-500人,B轮,海淀区,Python,不限,本科,13k-25k,"前沿科技,靠谱团队,工程师文化,H1B计划","数据服务,企业服务",开发|测试|运维类,"['股票期权', '顶级技术团队', '带薪年假', '国际化管理']",后端开发,北京
简阳联盟凯睿企业管理有限公司,联盟智能社区,150-500人,B轮,黄浦区,python开发,3-5年,本科,15k-30k,发展前景，大牛多，弹性工作，福利待遇好,"企业服务,人工智能",开发|测试|运维类,"['带薪年假', '定期体检', '股票期权', '美女多']",后端开发,上海
圆通速递有限公司,圆通,2000人以上,上市公司,青浦区,python,3-5年,本科,15k-25k,上市公司，前景好，晋升空间广阔，待遇好,物流丨运输,开发|测试|运维类,"['技能培训', '免费班车', '专项奖金', '岗位晋升']",后端开发,上海
上海数旦信息技术有限公司,数旦信息,15-50人,A轮,徐汇区,Python开发工程师,1-3年,本科,10k-20k,"年终奖金,股票期权,优秀团队,金融科技","移动互联网,金融",开发|测试|运维类,"['定期体检', '年度旅游', '技能培训', '领导好']",后端开发,上海
武汉佰钧成技术有限责任公司,武汉佰钧成技术有限公司,2000人以上,不需要融资,雁塔区,python开发工程师,1-3年,本科,7k-14k,六险一金，项目奖金，弹性工作，年度体检,移动互联网,开发|测试|运维类,"['带薪年假', '计算机软件', '管理规范', '定期体检']",后端开发,西安
深圳市幸福商城科技股份有限公司,幸福商城,500-2000人,B轮,南山区,Python开发工程师,5-10年,本科,15k-25k,晋升空间、主题活动、下午茶、运动俱乐部,"移动互联网,消费生活",开发|测试|运维类,"['带薪年假', '下午茶蛋糕', '季度团建', '领导nice']",数据开发,深圳
北京神州绿盟信息安全科技股份有限公司,绿盟科技,500-2000人,上市公司,雁塔区,python开发工程师,1-3年,本科,9k-15k,五险一金；弹性工作；餐补；定期体检,信息安全,开发|测试|运维类,"['技能培训', '节日礼物', '股票期权', '带薪年假']",后端开发,西安
北京流体网络科技有限公司,流体网络,50-150人,B轮,朝阳区,python开发工程师（直播类项目）,3-5年,本科,15k-30k,福利待遇优厚 发展空间大 周末双休,移动互联网,开发|测试|运维类,"['股票期权', '弹性工作', '领导好', '扁平管理']",后端开发,北京
深圳蓝贝科技有限公司,BLUE,500-2000人,C轮,南山区,python开发工程师,1-3年,本科,14k-18k,年终奖；团队,"消费生活,移动互联网",开发|测试|运维类,"['股票期权', '绩效奖金', '岗位晋升', '年度旅游']",后端开发,深圳
北京逍遥志科技有限公司,逍遥志科技,15-50人,A轮,朝阳区,Python研发工程师,3-5年,本科,18k-25k,牛人多，氛围好，发展快,"移动互联网,金融",开发|测试|运维类,"['定期体检', '股票期权', '弹性工作', '领导好']",后端开发,北京
创世云（厦门）信息科技有限公司,创世云,50-150人,未融资,思明区,Python开发工程师,3-5年,本科,15k-30k,"大牛同事,发展空间,薪酬福利","移动互联网,企业服务",开发|测试|运维类,"['年底双薪', '股票期权', '带薪年假', '定期体检']",后端开发,厦门
北京中电广通技术服务有限公司,中电广通,50-150人,未融资,朝阳区,Python开发工程师,3-5年,本科,10k-20k,"前沿技术,弹性工时,周末双休,五险一金",移动互联网,开发|测试|运维类,"['弹性工作', '股票期权', '定期体检', '岗位晋升']",后端开发,北京
前沿驱动（北京）技术有限公司,INNFOS,50-150人,A轮,房山区,python开发,1-3年,本科,12k-23k,五险一金、免费班车、餐补、节日福利,"硬件,人工智能",开发|测试|运维类,"['五险一金', '弹性工作', '扁平管理', '绩效奖金']",后端开发,北京
互道信息技术（上海）有限公司,NextTao 互道信息,50-150人,B轮,浦东新区,Python工程师,3-5年,本科,13k-20k,"技术前沿,大数据平台","移动互联网,电商",开发|测试|运维类,"['节日礼物', '技能培训', '年底双薪', '年度旅游']",后端开发,上海
北京聚道科技有限公司,GeneDock,15-50人,B轮,海淀区,python开发工程师（后端开发）,不限,本科,15k-30k,精准医学计算，大数据平台开发，云端开发,"医疗丨健康,数据服务",开发|测试|运维类,"['股票期权', '带薪年假', '扁平管理', '定期体检']",后端开发,北京
深圳市微赢世纪网络科技有限公司,微赢世纪,15-50人,天使轮,南山区,python开发工程师,3-5年,本科,15k-30k,连续创业者领衔自由工作气氛,"人工智能,工具",开发|测试|运维类,"['大牛带队', '技能培训', '股票期权', '扁平管理']",后端开发,深圳
深圳市雪球科技有限公司,雪球科技,50-150人,B轮,浦东新区,python开发工程师,1-3年,本科,10k-18k,"五险一金 商业保险,活力团队,季度团建","移动互联网,信息安全",开发|测试|运维类,"['年底双薪', '技能培训', '岗位晋升', '扁平管理']",后端开发,上海
北京势在必行网络科技有限公司,币信,50-150人,不需要融资,朝阳区,python开发工程师,3-5年,本科,18k-35k,"年底双薪,午餐补助,休闲餐点,弹性工作",移动互联网,开发|测试|运维类,"['带薪年假', '午餐补助', '定期体检', '弹性工作']",后端开发,北京
成都铁皮人科技有限公司,小鸡叫叫,50-150人,A轮,武侯区,Python开发工程师（大数据开发方向）,3-5年,本科,12k-18k,双休 顶级项目 扁平管理,"移动互联网,文娱丨内容",开发|测试|运维类,"['岗位晋升', '扁平管理', '顶级项目', '年底1-3薪']",后端开发,成都
杭州美登科技股份有限公司,美登科技,15-50人,不需要融资,拱墅区,python研发工程师,1-3年,本科,15k-30k,"弹性工作,技术大神带,午餐补助,年度旅游","电商,企业服务",开发|测试|运维类,"['年度旅游', '弹性工作', '丰厚年终奖', '技术大咖云集']",后端开发,杭州
达而观信息科技（上海）有限公司,达观数据,150-500人,B轮,浦东新区,Python开发工程师,3-5年,本科,15k-30k,核心系统 人工智能 专业培训 前沿技术,人工智能,开发|测试|运维类,"['AI人工智能', 'NLP', '技术领先', '市场口碑佳']",后端开发,上海
北京智胜新格科技有限公司,北京智胜新格科技有限...,150-500人,不需要融资,海淀区,Python开发,1-3年,本科,15k-30k,"六险一金,硅谷式办公,绩效奖金,按摩椅","移动互联网,游戏",开发|测试|运维类,"['绩效奖金', '定期体检', '弹性工作', '节日礼物']",后端开发,北京
惠州市宝高网络科技有限公司,宝高科技,50-150人,不需要融资,高新区,python开发工程师,3-5年,本科,15k-30k,平台大，薪资福利好，氛围好,"移动互联网,广告营销",开发|测试|运维类,[],后端开发,成都
北京启明合心科技有限公司,合心科技,50-150人,B轮,海淀区,Python开发工程师,1-3年,本科,20k-35k,"大数据处理,自由度大,有挑战,公司午晚餐","移动互联网,教育",开发|测试|运维类,"['扁平管理', '最优秀的伙伴', '弹性工作', '公司午晚餐']",后端开发,北京
北京捷通华声科技股份有限公司,捷通华声,150-500人,不需要融资,海淀区,python开发工程师,不限,本科,15k-25k,技术导向；扁平化管理；发展空间大,"移动互联网,数据服务",开发|测试|运维类,"['股票期权', '半年调薪', '绩效奖金多', '晋升空间大']",后端开发,北京
四川喵星城科技有限公司,四川喵星城科技有限公司,15-50人,未融资,高新区,python,3-5年,本科,10k-20k,高薪 氛围好 美女多,"移动互联网,社交",开发|测试|运维类,[],后端开发,成都
全美在线（北京）教育科技股份有限公司,ATA,500-2000人,上市公司,浦东新区,python开发工程师,3-5年,本科,15k-25k,公司正规 团队氛围好 领导好 午餐补助,"教育,移动互联网",开发|测试|运维类,"['定期体检', '午餐补助', '带薪年假', '六险一金']",后端开发,上海
北京第三石科技发展有限公司,第三石科技,50-150人,B轮,朝阳区,python开发工程师,1-3年,本科,8k-16k,平台好 高精尖技术氛围,"移动互联网,电商",开发|测试|运维类,"['股票期权', '交通补助', '带薪年假', '扁平管理']",后端开发,北京
深圳市杉岩数据技术有限公司,杉岩数据,50-150人,B轮,武侯区,pyhton开发,1-3年,本科,13k-18k,发展前景、扁平化管理、下午茶,"企业服务,数据服务",开发|测试|运维类,"['股票期权', '扁平管理', '领导好', '五险一金']",后端开发,成都
广州回头车信息科技有限公司,省省回头车,50-150人,A轮,天河区,python开发工程师,1-3年,本科,10k-15k,"期权激励,五险一金,带薪年假,弹性工作",消费生活,开发|测试|运维类,"['五险一金', '带薪年假', '年度旅游', '岗位晋升']",后端开发,广州
颐邦（北京）医院管理有限公司,颐邦科技,15-50人,不需要融资,海淀区,Python研发工程师,3-5年,本科,13k-18k,年终2-6薪，五险一金，清华团队,"医疗丨健康,硬件",开发|测试|运维类,"['年底双薪', '绩效奖金', '带薪年假', '技能培训']",后端开发,北京
西安贝业思数据智能技术服务有限公司,贝业思,15-50人,不需要融资,黄埔区,python开发工程师,1-3年,本科,8k-16k,股权激励，算法牛人，扁平管理，,"数据服务,移动互联网",开发|测试|运维类,"['弹性工作', '扁平管理']",后端开发,广州
北京市商汤科技开发有限公司,商汤科技,2000人以上,C轮,南山区,python开发,3-5年,本科,18k-35k,AI独角兽，绩效奖金，黑羊文化,人工智能,开发|测试|运维类,"['五险一金', '弹性工作', '丰盛三餐', '发展空间大']",后端开发,深圳
北京字节跳动科技有限公司,字节跳动,2000人以上,C轮,海淀区,python开发工程师,1-3年,本科,20k-35k,六险一金，高薪期权，弹性工作，免费三餐,文娱丨内容,开发|测试|运维类,"['扁平管理', '弹性工作', '大厨定制三餐', '就近租房补贴']",后端开发,北京
重庆迅游科技有限公司,迅游科技,150-500人,不需要融资,渝北区,Python开发工程师,3-5年,大专,8k-14k,python,"移动互联网,游戏",开发|测试|运维类,"['节日礼物', '绩效奖金', '定期体检', '交通补助']",后端开发,重庆
智言科技(深圳)有限公司,智言科技,50-150人,A轮,南山区,Python开发工程师,3-5年,本科,10k-20k,"海归团队,成长空简大,薪酬福利好,扁平管理","数据服务,其他",开发|测试|运维类,"['年底双薪', '绩效奖金', '通讯津贴', '扁平管理']",后端开发,深圳
广州西洋汇信息技术有限公司,西洋汇,50-150人,不需要融资,海珠区,Python工程师,3-5年,本科,10k-20k,不加班，技术氛围浓，发展机会大,"电商,移动互联网",开发|测试|运维类,"['年终分红', '绩效奖金', '午餐补助', '定期体检']",后端开发,广州
爱笔（北京）智能科技有限公司,Aibee,150-500人,A轮,海淀区,Python开发工程师,3-5年,本科,20k-40k,"初创公司,技术驱动","移动互联网,企业服务",开发|测试|运维类,"['国际化团队', '计算机视觉', '语音识别', '自然语言理解']",后端开发,北京
江曲投资咨询（上海）有限公司,Student.com,150-500人,C轮,静安区,python开发工程师,1-3年,本科,10k-20k,活力团队，技术牛人,电商,开发|测试|运维类,"['技能培训', '带薪年假', '岗位晋升', '五险一金']",后端开发,上海
北京铭泰金科信息技术有限公司,北京铭泰金科信息技术有限公司,500-2000人,B轮,建邺区,Python,不限,本科,6k-10k,五险一金，餐补，15薪，加班打车,"金融,数据服务",开发|测试|运维类,"['带薪年假', '午餐补助', '股票期权', '绩效奖金']",后端开发,南京
北京向上一心科技有限公司,老虎集团,150-500人,上市公司,朝阳区,python开发工程师,5-10年,本科,20k-40k,"加班少,福利好","移动互联网,金融",开发|测试|运维类,"['绩效奖金', '年底双薪', '带薪年假', '定期体检']",后端开发,北京
深圳市杉岩数据技术有限公司,杉岩数据,50-150人,B轮,南山区,Python开发工程师,1-3年,本科,10k-20k,"扁平化管理,发展空间大","企业服务,数据服务",开发|测试|运维类,"['股票期权', '扁平管理', '领导好', '五险一金']",后端开发,深圳
弘量科技（深圳）有限公司,弘量科技（深圳）有限公司,50-150人,B轮,南山区,Python工程师,3-5年,本科,15k-30k,"互联网金融,智能投顾,弹性工作",金融,开发|测试|运维类,"['优秀同事', '股票期权', '年终分红', '带薪年假']",后端开发,深圳
上海谷露软件有限公司,谷露软件,50-150人,A轮,黄浦区,python开发工程师,不限,本科,20k-40k,团队氛围好 成长空间大,"数据服务,企业服务",开发|测试|运维类,"['团队融洽', '股票期权', '扁平管理', '通讯津贴']",后端开发,上海
广州战英网络科技有限公司,战英网络,50-150人,天使轮,天河区,python开发工程师,3-5年,大专,10k-18k,"年底双薪,五险一金",游戏,开发|测试|运维类,"['年底双薪', '年终分红', '绩效奖金', '专项奖金']",后端开发,广州
上海吸引子信息科技有限公司,吸引子,15-50人,不需要融资,西湖区,python开发工程师,不限,本科,10k-20k,"五险一金,带薪休假,周末不加班,多种补贴",金融,开发|测试|运维类,[],后端开发,杭州
郑州创恒实业有限公司,郑州创恒实业有限公司,150-500人,未融资,金水区,Python开发工程师,1-3年,大专,5k-10k,"周末双休,年底双薪,全勤奖,外出旅游",移动互联网,开发|测试|运维类,"['年底双薪', '节日礼物', '技能培训', '绩效奖金']",后端开发,郑州
杭州艾耕科技有限公司,艾耕科技,150-500人,A轮,西湖区,Python开发工程师,1-3年,本科,10k-20k,"AI,技术大牛,年轻无极限,领导nic","移动互联网,数据服务",开发|测试|运维类,"['股票期权', '扁平管理', '发展前景好', '工程师文化']",后端开发,杭州
广州微宽信息技术有限公司,微宽信息,15-50人,天使轮,海珠区,Python开发工程师,3-5年,本科,15k-20k,五险一金、奖金、带薪年假、年终奖,"移动互联网,金融",开发|测试|运维类,"['带薪年假', '午餐补助', '周末双休', '年终奖']",后端开发,广州
北京高鸿兴科信息技术有限公司武汉分公司,高鸿兴科,50-150人,不需要融资,滨江区,python开发工程师,3-5年,本科,13k-18k,"福利健全,良好的发展空间","移动互联网,数据服务",开发|测试|运维类,"['年底双薪', '带薪年假', '通讯津贴', '定期体检']",后端开发,杭州
拉勾猎头,拉勾猎头,500-2000人,D轮及以上,朝阳区,Python,3-5年,本科,20k-35k,发展前景好,"移动互联网,企业服务",开发|测试|运维类,"['一手内推信息', '猎头专业服务', '名企保面试', '精准高效对接']",后端开发,北京
上海庆科信息技术有限公司,MXCHIP,150-500人,B轮,普陀区,Python开发工程师,1-3年,本科,18k-25k,行业前景好 团队氛围好,硬件,开发|测试|运维类,"['互联网风口', '物联网、高新', 'Wi-Fi', '午餐补助']",后端开发,上海
上海舟恩信息技术有限公司,舟恩信息,150-500人,不需要融资,徐汇区,python,3-5年,不限,11k-15k,互联网,移动互联网,开发|测试|运维类,[],后端开发,上海
成都晓多科技有限公司,成都晓多科技有限公司,150-500人,B轮,高新区,python开发工程师,3-5年,本科,15k-30k,"人工智能,前景广阔","企业服务,数据服务",开发|测试|运维类,"['股票期权', '年底双薪', '绩效奖金', '带薪年假']",后端开发,成都
广州回头车信息科技有限公司,省省回头车,50-150人,A轮,天河区,python开发工程师,3-5年,大专,12k-16k,"期权激励,五险一金,带薪年假,弹性工作",消费生活,开发|测试|运维类,"['五险一金', '带薪年假', '年度旅游', '岗位晋升']",后端开发,广州
北京神州绿盟信息安全科技股份有限公司,绿盟科技,500-2000人,上市公司,高新区,Python研发工程师（成都）-NF,1-3年,本科,10k-15k,六险一金，餐补，通讯补贴，弹性工作时间,信息安全,开发|测试|运维类,"['技能培训', '节日礼物', '股票期权', '带薪年假']",后端开发,成都
卓尔智联集团有限公司,卓尔智联集团有限公司,2000人以上,上市公司,黄陂区,python开发工程师,1-3年,本科,6k-12k,上市公司 500强 五险一金,"移动互联网,电商",开发|测试|运维类,[],后端开发,武汉
深圳市客路网络科技有限公司,KLOOK 客路旅行,500-2000人,D轮及以上,福田区,Python工程师,1-3年,本科,10k-20k,"国际化平台,环境舒适,好玩有趣",旅游,开发|测试|运维类,"['零食水果供应', '带薪年假', '绩效奖金', '扁平管理']",后端开发,深圳
上海合合信息科技发展有限公司,名片全能王,150-500人,C轮,静安区,python开发工程师,1-3年,本科,10k-18k,五险一金 弹性工作制,移动互联网,开发|测试|运维类,"['团队建设', '技能培训', '节日礼物', '年底分红']",后端开发,上海
无锡华云数据技术服务有限公司,华云数据,500-2000人,D轮及以上,杨浦区,Python开发工程师-19170G01080,3-5年,本科,18k-28k,"年假病假,各项补贴,团建旅游","移动互联网,数据服务",开发|测试|运维类,"['节日礼物', '带薪年假', '扁平管理', '绩效奖金']",后端开发,上海
北京韦尔科技有限公司,韦尔科技,15-50人,未融资,离石区,python开发工程师,1-3年,本科,5k-10k,"发展快速,扁平化管理,节日礼品,期权激励","移动互联网,数据服务",开发|测试|运维类,"['节日礼物', '年度旅游', '弹性工作', '定期体检']",后端开发,吕梁
上海物融智能科技有限公司,物融科技,15-50人,不需要融资,闵行区,Python开发工程师,1-3年,本科,15k-30k,"高薪多福利,发展机会多,股权激励","数据服务,移动互联网",开发|测试|运维类,"['股票期权', '年终分红', '交通补助', '午餐补助']",后端开发,上海
北京升鑫网络科技有限公司,青藤云安全,150-500人,B轮,海淀区,python开发工程师,3-5年,本科,20k-40k,五险一金 不打卡 餐补 弹性工作,数据服务,开发|测试|运维类,"['五险一金', '年底双薪', '带薪年假', '扁平管理']",后端开发,北京
北京神州绿盟信息安全科技股份有限公司,绿盟科技,500-2000人,上市公司,东湖新技术开发区,python开发工程师,1-3年,本科,9k-15k,五险一金；绩效奖金；股票期权,信息安全,开发|测试|运维类,"['技能培训', '节日礼物', '股票期权', '带薪年假']",后端开发,武汉
杭州艾耕科技有限公司,艾耕科技,150-500人,A轮,西湖区,python开发工程师,3-5年,本科,15k-25k,"AI,不打卡,青春无极限,领导nic","移动互联网,数据服务",开发|测试|运维类,"['股票期权', '扁平管理', '发展前景好', '工程师文化']",后端开发,杭州
南京网感至察信息科技有限公司,网感至察,15-50人,天使轮,秦淮区,python开发工程师,1-3年,本科,10k-20k,五险一金，综合意外险，带薪年假，节日福利,数据服务,开发|测试|运维类,"['技能培训', '股票期权', '带薪年假', '绩效奖金']",后端开发,南京
飞友科技有限公司,飞常准,500-2000人,不需要融资,秦淮区,Python开发工程师（南京）,1-3年,本科,10k-18k,弹性工作,移动互联网,开发|测试|运维类,"['节日礼物', '年度旅游', '管理规范', '五险一金']",后端开发,南京
北京字节跳动科技有限公司,字节跳动,2000人以上,C轮,杨浦区,Python开发工程师,3-5年,本科,25k-40k,六险一金，弹性工作，免费三餐，餐补,文娱丨内容,开发|测试|运维类,"['扁平管理', '弹性工作', '大厨定制三餐', '就近租房补贴']",后端开发,上海
武汉市星商电子商务有限公司,星商电子商务,500-2000人,C轮,洪山区,python开发工程师,3-5年,本科,8k-16k,五险一金 年终奖金,电商,开发|测试|运维类,"['绩效奖金', '带薪年假', '年度旅游', '节日礼物']",后端开发,武汉
南通东华软件有限公司,南通东华软件,150-500人,上市公司,西湖区,Python开发工程师,3-5年,本科,8k-14k,上市公司,"信息安全,数据服务",开发|测试|运维类,[],后端开发,杭州
交银企业管理服务（上海）有限公司张江高科技园区分公司,交银企服,2000人以上,上市公司,徐汇区,Python开发工程师(金融科技),3-5年,本科,10k-20k,周末双休 五险一金 交通补贴 餐饮补贴,"移动互联网,金融",开发|测试|运维类,[],后端开发,上海
北京快快网络技术有限公司,真融宝,150-500人,B轮,海淀区,Python开发工程师,不限,本科,15k-30k,不打开 班车 BAT研发团队,金融,开发|测试|运维类,"['员工福利丰富', '高薪期权', '热门行业', '免费工作餐']",后端开发,北京
北京第三石科技发展有限公司,第三石科技,50-150人,B轮,朝阳区,Python开发工程师,3-5年,本科,15k-30k,"前沿技术,丰富下午茶,弹性工作,扁平管理","移动互联网,电商",开发|测试|运维类,"['股票期权', '交通补助', '带薪年假', '扁平管理']",后端开发,北京
湖北百旺金赋科技有限公司,百旺金赋,150-500人,不需要融资,东湖新技术开发区,python开发,1-3年,本科,6k-8k,"五险一金,14薪,周末双休,免费班车","移动互联网,其他",开发|测试|运维类,"['年底双薪', '交通补助', '带薪年假', '定期体检']",后端开发,武汉
深圳市长亮科技股份有限公司,长亮科技,2000人以上,上市公司,南山区,python开发工程师（运维开发）,不限,本科,15k-30k,"技术大牛,氛围好,技术前沿",企业服务,开发|测试|运维类,"['五险一金', '通讯津贴', '带薪年假', '定期体检']",后端开发,深圳
深圳市易博天下科技有限公司,易博天下,150-500人,上市公司,南山区,Python开发工程师,1-3年,大专,13k-25k,平台好 高速增长 股票期权 创业团队,"移动互联网,消费生活",开发|测试|运维类,"['年底双薪', '股票期权', '带薪年假', '创业公司范儿']",后端开发,深圳
深圳市浩海云科技有限公司,浩海云科技,15-50人,A轮,南山区,python开发工程师,1-3年,大专,12k-20k,福利待遇、发展空间、项目奖励、团队期权,"信息安全,硬件",开发|测试|运维类,"['专项奖金', '股票期权', '年终分红', '绩效奖金']",后端开发,深圳
华风爱科气象科技（北京）有限公司,华风爱科,15-50人,不需要融资,朝阳区,Python开发工程师,1-3年,硕士,15k-20k,新的行业，新的起点,"移动互联网,数据服务",开发|测试|运维类,"['绩效奖金', '午餐补助', '通讯津贴', '带薪年假']",数据开发,北京
上海智臻智能网络科技股份有限公司,小i机器人,500-2000人,上市公司,嘉定区,python开发工程师,1-3年,本科,10k-18k,"晋升空间大,福利待遇好,餐补,人工智能","企业服务,数据服务",开发|测试|运维类,"['节日礼物', '技能培训', '绩效奖金', '年度旅游']",后端开发,上海
北京币世界网络科技有限公司,币世界,150-500人,A轮,朝阳区,python开发工程师,3-5年,本科,17k-34k,五险一金 地铁周边,"移动互联网,金融",开发|测试|运维类,"['岗位晋升', '五险一金', '节日礼物']",后端开发,北京
申朴信息技术(上海)股份有限公司,申朴信息,150-500人,未融资,徐汇区,python开发,3-5年,本科,13k-18k,五险一金,金融,开发|测试|运维类,"['节日礼物', '技能培训', '免费班车', '带薪年假']",后端开发,上海
南京优玛软件科技有限公司,南京优玛软件科技有限公司,150-500人,未融资,石景山区,python开发工程师,3-5年,本科,12k-16k,补贴 团建 13薪,移动互联网,开发|测试|运维类,"['年终分红', '绩效奖金', '五险一金', '交通补助']",后端开发,北京
北京微步在线科技有限公司,微步在线,50-150人,B轮,海淀区,python开发工程师,1-3年,本科,15k-30k,"期权激励,晋升空间,带薪年假,人文关怀",信息安全,开发|测试|运维类,"['股票期权', '带薪年假', '五险一金', '扁平管理']",后端开发,北京
杭州全速网络技术有限公司,全速网络,150-500人,未融资,拱墅区,python开发工程师,3-5年,大专,15k-25k,平台 福利,"移动互联网,电商",开发|测试|运维类,"['年底双薪', '技能培训', '带薪年假', '绩效奖金']",后端开发,杭州
苏州东湾信息科技有限公司,东湾信息,15-50人,不需要融资,工业园区,Python工程师,1-3年,本科,8k-15k,五险一金,"移动互联网,企业服务",开发|测试|运维类,[],后端开发,苏州
非凡维格（北京）信息科技有限公司,FlashTrip,15-50人,A轮,朝阳区,python开发工程师,1-3年,本科,15k-30k,"国际产品,弹性工作,开放办公",旅游,开发|测试|运维类,"['股票期权', '带薪年假', '美女多', '弹性工作']",后端开发,北京
北京字节跳动科技有限公司,字节跳动,2000人以上,C轮,杨浦区,Python开发工程师,3-5年,本科,25k-40k,六险一金，弹性工作，免费三餐，餐补,文娱丨内容,开发|测试|运维类,"['扁平管理', '弹性工作', '大厨定制三餐', '就近租房补贴']",后端开发,上海
人人贷商务顾问（北京）有限公司,人人贷,2000人以上,A轮,海淀区,Python开发工程师,1-3年,本科,11k-18k,"交通便利,五险一金,节日福利,奖励休假",金融,开发|测试|运维类,"['年底双薪', '五险一金', '交通补助', '带薪年假']",后端开发,北京
武汉市星商电子商务有限公司,星商电子商务,500-2000人,C轮,洪山区,python开发工程师,1-3年,本科,8k-16k,五险一金 年终奖金,电商,开发|测试|运维类,"['绩效奖金', '带薪年假', '年度旅游', '节日礼物']",后端开发,武汉
成都新希望金融科技有限公司,希望金科,150-500人,不需要融资,高新区,Python工程师,3-5年,本科,15k-25k,"六险一金,实力平台,牛人团队,技术氛围好","移动互联网,金融",开发|测试|运维类,"['交通补助', '通讯津贴', '午餐补助', '定期体检']",后端开发,成都
驰勤信息科技（上海）有限责任公司,上海驰勤,50-150人,未融资,浦东新区,Python开发（CI/CD开发）,1-3年,本科,7k-11k,带薪年假 绩效奖金 满年调薪 交通便利,"移动互联网,电商",开发|测试|运维类,"['绩效奖金', '带薪年假', '岗位晋升', '五险一金']",后端开发,上海
北京棕榈创想科技有限公司,PALMAX,150-500人,A轮,高新区,Python开发工程师（中级）,3-5年,本科,10k-20k,"五险一金,餐补,试用期全薪",移动互联网,开发|测试|运维类,"['绩效奖金', '交通补助', '定期体检', '午餐补助']",后端开发,成都
北京向上一心科技有限公司,老虎集团,150-500人,上市公司,朝阳区,python开发工程师,不限,本科,20k-40k,"待遇优,加班少,临近地铁","移动互联网,金融",开发|测试|运维类,"['绩效奖金', '年底双薪', '带薪年假', '定期体检']",后端开发,北京
平安科技（深圳）有限公司,平安科技,2000人以上,不需要融资,浦东新区,1111PB-Python开发,3-5年,本科,12k-20k,"五险一金,绩效奖金,带薪年假,定期体检",金融,开发|测试|运维类,"['六险一金', '扁平化管理', '丰厚年终', '丰富技术交流']",后端开发,上海
上海华钦信息科技股份有限公司,CLPS,500-2000人,未融资,浦东新区,python,3-5年,本科,16k-25k,"待遇高,环境好,有前景","数据服务,金融",开发|测试|运维类,"['专项奖金', '带薪年假', '定期体检', '交通补助']",后端开发,上海
长沙蜜獾信息科技有限公司,蜜獾信息,150-500人,不需要融资,岳麓区,Python中级（SG0302）,1-3年,本科,8k-13k,"五险一金,超长带薪期,周末双休,年终奖金",移动互联网,开发|测试|运维类,"['年底双薪', '技能培训', '绩效奖金', '年度旅游']",后端开发,长沙
北京五八到家信息技术有限公司,58到家,2000人以上,D轮及以上,朝阳区,Python 开发工程师,5-10年,本科,20k-35k,创业公司,消费生活,开发|测试|运维类,"['节日礼物', '技能培训', '股票期权', '免费班车']",后端开发,北京
北京下厨房科技有限公司,下厨房,50-150人,B轮,海淀区,Python开发工程师,3-5年,本科,15k-25k,"带薪年假多,免费午餐,弹性工作制",移动互联网,开发|测试|运维类,"['五险一金', '弹性工作', '带薪年假', '股票期权']",后端开发,北京
申朴信息技术(上海)股份有限公司,申朴信息,150-500人,未融资,福田区,python开发,3-5年,本科,13k-18k,交通方便，领导nice，待遇优渥,金融,开发|测试|运维类,"['节日礼物', '技能培训', '免费班车', '带薪年假']",后端开发,深圳
光合新知（北京）科技有限公司,洋葱数学,500-2000人,D轮及以上,朝阳区,python开发工程师,1-3年,本科,7k-14k,不打卡 提供三餐 15天年假,教育,开发|测试|运维类,"['产品领先行业', '关注学习本源', '明星跨界团队', '股票期权']",后端开发,北京
东吴（苏州）金融科技有限公司,东吴在线,50-150人,不需要融资,浦东新区,Python开发工程师,3-5年,本科,15k-20k,券商系；上市公司子公司；福利优；氛围好,"金融,移动互联网",开发|测试|运维类,[],后端开发,上海
北京博派通达科技有限公司,博派通达,50-150人,A轮,朝阳区,Python开发工程师（爬虫）,1-3年,大专,12k-20k,"地铁周边,超多大牛,免费茶歇,弹性工作","移动互联网,硬件",开发|测试|运维类,"['年底双薪', '股票期权', '带薪年假', '扁平管理']",数据开发,北京
上海微创软件股份有限公司,微创软件,2000人以上,不需要融资,海淀区,python开发,不限,本科,10k-14k,食堂 大厂经验,"企业服务,移动互联网",开发|测试|运维类,"['绩效奖金', '年底双薪', '带薪年假', '定期体检']",后端开发,北京
北大医疗信息技术有限公司,北大医信,500-2000人,不需要融资,海淀区,Python开发工程师,1-3年,本科,6k-12k,"五险一金,绩效奖金,年终奖,补充医疗",医疗丨健康,开发|测试|运维类,"['技能培训', '节日礼物', '带薪年假', '绩效奖金']",移动前端开发,北京
嘉联支付有限公司,嘉联支付,500-2000人,未融资,南山区,Python开发工程师,3-5年,本科,15k-25k,福利好；氛围好；领导好,"金融,移动互联网",开发|测试|运维类,"['年底双薪', '绩效奖金', '定期体检', '帅哥多']",后端开发,深圳
申朴信息技术(上海)股份有限公司,申朴信息,150-500人,未融资,徐汇区,python开发,3-5年,大专,12k-18k,五险一金,金融,开发|测试|运维类,"['节日礼物', '技能培训', '免费班车', '带薪年假']",后端开发,上海
广东盛迪嘉电子商务股份有限公司,盛迪嘉支付,500-2000人,不需要融资,南山区,python开发工程师,3-5年,本科,15k-20k,高薪酬、高福利、职业生涯规划,"移动互联网,金融",开发|测试|运维类,"['年底双薪', '带薪年假', '绩效奖金', '交通补助']",后端开发,深圳
上海数旦信息技术有限公司,数旦信息,15-50人,A轮,徐汇区,Python开发高级工程师,3-5年,本科,15k-30k,"年终奖金,股票期权,优秀团队,金融科技","移动互联网,金融",开发|测试|运维类,"['定期体检', '年度旅游', '技能培训', '领导好']",后端开发,上海
深圳市星商电子商务有限公司,星商电子商务,150-500人,不需要融资,龙岗区,python开发工程师,1-3年,本科,8k-15k,五险一金 年终奖 年度旅游,"电商,移动互联网",开发|测试|运维类,[],后端开发,深圳
上海睿畜电子科技有限公司,睿畜科技,15-50人,天使轮,嘉定区,Python 工程师,3-5年,本科,8k-15k,"五险一金,下午茶,年轻团队,高级自助餐","数据服务,硬件",开发|测试|运维类,[],后端开发,上海
互道信息技术（上海）有限公司,NextTao 互道信息,50-150人,B轮,浦东新区,初级python开发,1-3年,本科,8k-15k,"技术前沿,大数据平台","移动互联网,电商",开发|测试|运维类,"['节日礼物', '技能培训', '年底双薪', '年度旅游']",后端开发,上海
竹间智能科技（上海）有限公司,竹间智能科技(上海)有限公司,150-500人,B轮,徐汇区,Python开发工程师,3-5年,本科,20k-40k,"发展空间大,弹性工作","移动互联网,其他",开发|测试|运维类,"['股票期权', '年假≥12天', '开放透明氛围', '技术黑科技']",后端开发,上海
深圳前海联易融金融服务有限公司,联易融linklogis,150-500人,C轮,南山区,Python开发工程师,不限,本科,15k-28k,六险一金;弹性办公;福利满满;风口行业,"移动互联网,金融",开发|测试|运维类,"['带薪年假', '定期体检', '六险一金', '婚育礼金']",后端开发,深圳
优维科技（深圳）有限公司,优维科技,50-150人,B轮,浦东新区,Python开发工程师—上海,1-3年,本科,10k-20k,"带薪年假,年度旅游,五险一金","移动互联网,企业服务",开发|测试|运维类,"['年底双薪', '午餐补助', '股票期权', '弹性工作']",后端开发,上海
杭州慧川智能科技有限公司,慧川智能 (Hunch.AI),15-50人,A轮,西湖区,高级python,3-5年,大专,20k-30k,弹性工作，工作氛围环境好,移动互联网,开发|测试|运维类,"['弹性工作', '年度旅游', '帅哥多', '美女多']",后端开发,杭州
上海奥飞游戏有限公司,奥飞游戏深圳分公司,150-500人,A轮,南山区,Python开发工程师,1-3年,大专,6k-10k,福利好、工作氛围活跃，老板很nice,游戏,开发|测试|运维类,[],后端开发,深圳
北京融联世纪信息技术有限公司,时光金科,500-2000人,未融资,海淀区,Python研发工程师(001482),3-5年,本科,20k-30k,"千万级用户,高并发系统,团队大牛多",金融,开发|测试|运维类,[],后端开发,北京
上海淇毓信息科技有限公司,奇虎360金融,500-2000人,上市公司,朝阳区,python开发工程师,5-10年,本科,20k-30k,上市公司，发展前景好,金融,开发|测试|运维类,"['年底双薪', '股票期权', '带薪年假', '定期体检']",后端开发,北京
北京棕榈创想科技有限公司,PALMAX,150-500人,A轮,高新区,python开发工程师,3-5年,本科,10k-20k,五险一金 试用期全薪 餐补 14薪,移动互联网,开发|测试|运维类,"['绩效奖金', '交通补助', '定期体检', '午餐补助']",后端开发,成都
达而观信息科技（上海）有限公司,达观数据,150-500人,B轮,武侯区,python开发工程师,1-3年,本科,10k-18k,AI 六险一金 准独角兽 技术氛围极佳,人工智能,开发|测试|运维类,"['AI人工智能', 'NLP', '技术领先', '市场口碑佳']",后端开发,成都
风变科技（深圳）有限公司,风变科技（深圳）有限公司,150-500人,A轮,南山区,Python工程师（运维方向）,1-3年,本科,10k-20k,"百万级用户,数据驱动,科技前沿,高效工作","移动互联网,教育",开发|测试|运维类,"['专项奖金', '带薪年假', '定期体检', '六险一金']",运维,深圳
四川弘和通讯有限公司,四川弘和集团,150-500人,A轮,武侯区,python开发,3-5年,本科,10k-15k,人工智能,移动互联网,开发|测试|运维类,"['绩效奖金', '五险一金', '通讯津贴', '交通补助']",后端开发,成都
千言信息技术（上海）有限公司,italki,50-150人,A轮,黄浦区,高级后端开发工程师-Python,5-10年,本科,20k-30k,国际化平台，员工福利好，地点好，鼓励学习,"电商,教育",开发|测试|运维类,"['高端医疗保险', '国际化团队', '绩效奖金', '带薪年假']",后端开发,上海
飞维美地信息技术（北京）有限公司,FreeWheel,500-2000人,上市公司,朝阳区,Lead Go/Python/Java工程师,5-10年,本科,35k-45k,"美资互联网,技术导向,英文环境,硅谷文化","企业服务,数据服务",开发|测试|运维类,"['技能培训', '绩效奖金', '岗位晋升', '领导好']",后端开发,北京
西安华讯科技有限责任公司,Huatek,150-500人,未融资,高新技术产业开发区,python开发,3-5年,不限,10k-20k,"双休,五险一金,年假,公司旅游，产品","电商,移动互联网",开发|测试|运维类,[],后端开发,西安
湖南智圭谷信息技术咨询服务有限公司,湖南智圭谷信息技术,15-50人,未融资,雨花区,python开发工程师,3-5年,本科,10k-15k,可以往培训讲师方面发展,教育 软件开发,开发|测试|运维类,[],后端开发,长沙
上海微创软件股份有限公司,微创软件,2000人以上,不需要融资,海淀区,Python开发工程师,1-3年,本科,10k-15k,五险一金 带薪年假 技术大牛 氛围好,"企业服务,移动互联网",开发|测试|运维类,"['绩效奖金', '年底双薪', '带薪年假', '定期体检']",后端开发,北京
东方财富信息股份有限公司,东方财富,2000人以上,上市公司,徐汇区,Python开发工程师（证券）,1-3年,本科,15k-25k,五险一金、上市公司、职级晋升、定期体检,金融,开发|测试|运维类,"['技能培训', '节日礼物', '股票期权', '绩效奖金']",后端开发,上海
小桨乘风网络科技（北京）有限公司,V8实拍,150-500人,B轮,朝阳区,高级python开发工程师,3-5年,本科,25k-50k,"大牛云集,工程师文化,一年15薪",移动互联网,开发|测试|运维类,"['股票期权', '带薪年假', '午餐补助', '定期体检']",后端开发,北京
特赞（上海）信息科技有限公司,特赞|Tezign,50-150人,B轮,徐汇区,Python开发工程师,3-5年,本科,25k-40k,大牛云集 培训机会 优厚福利 晋升机制,移动互联网,开发|测试|运维类,"['技能培训', '扁平管理', '弹性工作', '全员持股']",后端开发,上海
杭州迪英加科技有限公司,迪英加,15-50人,A轮,余杭区,python开发工程师,1-3年,本科,10k-15k,学习提升机会多 大牛多,人工智能,开发|测试|运维类,[],后端开发,杭州
北京瑞莱智慧科技有限公司,RealAI,15-50人,天使轮,海淀区,资深Python工程师,不限,本科,18k-36k,"大牛带队,扁平化管理,弹性工作,高日薪",人工智能,开发|测试|运维类,[],后端开发,北京
北京小米科技有限责任公司,小米,2000人以上,D轮及以上,海淀区,Python开发工程师-小米电视,3-5年,本科,15k-30k,创业氛围,硬件,开发|测试|运维类,"['快速成长', '免费班车', '扁平管理', '技能培训']",后端开发,北京
北京向上一心科技有限公司,老虎集团,150-500人,上市公司,朝阳区,Python开发工程师,1-3年,本科,20k-35k,"六险一金,绩效奖金,发展空间大,股票期权","移动互联网,金融",开发|测试|运维类,"['绩效奖金', '年底双薪', '带薪年假', '定期体检']",后端开发,北京
深圳市文德数慧科技开发有限责任公司,文德数慧,150-500人,不需要融资,海淀区,python开发,3-5年,本科,12k-18k,五险一金 年底双薪 双休,企业服务,开发|测试|运维类,"['年底双薪', '专项奖金', '年终分红', '带薪年假']",后端开发,北京
广府数字（深圳）股份有限公司,广府数字,15-50人,未融资,天河区,Python工程师,不限,大专,12k-18k,"打造千万级,原始股权,公司核心骨,报酬丰厚","区块链,电商",开发|测试|运维类,[],后端开发,广州
中电太极（集团）有限公司,中电太极（集团）有限公司,2000人以上,不需要融资,海淀区,Python开发工程师,3-5年,本科,15k-30k,福利待遇佳，发展空间大,"信息安全,数据服务",开发|测试|运维类,[],后端开发,北京
深圳佑驾创新科技有限公司,MINIEYE,150-500人,A轮,南山区,Python 客户端开发工程师,1-3年,本科,15k-30k,"创新产品,牛人密集,从0到1,项目奖金","硬件,其他",开发|测试|运维类,"['无人驾驶', '国际标准', '车厂合作', '海归团队']",后端开发,深圳
互道信息技术（上海）有限公司,NextTao 互道信息,50-150人,B轮,浦东新区,Python高级开发工程师,3-5年,本科,18k-30k,互联网零售革命的推动者,"移动互联网,电商",开发|测试|运维类,"['节日礼物', '技能培训', '年底双薪', '年度旅游']",后端开发,上海
深圳市一面网络技术有限公司,一面数据,50-150人,A轮,南山区,Python 工程师（数据平台方向）,1-3年,本科,10k-20k,大数据人工智能；名校系大牛；技术氛围浓,"移动互联网,数据服务",开发|测试|运维类,"['技能培训', '海归精英团队', 'Geek分享', '绩效奖金']",后端开发,深圳
上海宏路数据技术股份有限公司,Hypers,50-150人,上市公司,虹口区,Python开发工程师,不限,不限,7k-14k,扁平化 成长快 氛围好,移动互联网,开发|测试|运维类,"['绩效奖金', '五险一金', '带薪年假', '年度旅游']",后端开发,上海
优维科技（深圳）有限公司,优维科技,50-150人,B轮,市中区,python开发工程师-济南,3-5年,本科,8k-15k,"BAT系,年底奖金,氛围好","移动互联网,企业服务",开发|测试|运维类,"['年底双薪', '午餐补助', '股票期权', '弹性工作']",后端开发,济南
南京华苏科技有限公司,华苏科技,2000人以上,上市公司,西城区,python开发工程师,1-3年,本科,7k-12k,五险一金 双休 节假福利,"移动互联网,企业服务",开发|测试|运维类,"['节日礼物', '年底双薪', '股票期权', '带薪年假']",后端开发,北京
爱笔（北京）智能科技有限公司,Aibee,150-500人,A轮,海淀区,Python开发工程师-计算平台 ,不限,不限,15k-30k,人工智能 创业氛围,"移动互联网,企业服务",开发|测试|运维类,"['国际化团队', '计算机视觉', '语音识别', '自然语言理解']",后端开发,北京
上海卫莎网络科技有限公司,Versa,50-150人,A轮,徐汇区,Python研发工程师,1-3年,不限,15k-25k,"AI,扁平化,弹性工作,交通方便","移动互联网,文娱丨内容",开发|测试|运维类,"['年底双薪', '股票期权', '帅哥多', '扁平管理']",后端开发,上海
江曲投资咨询（上海）有限公司,Student.com,150-500人,C轮,静安区,Python高级开发工程师,5-10年,本科,15k-30k,活力团队，技术牛人,电商,开发|测试|运维类,"['技能培训', '带薪年假', '岗位晋升', '五险一金']",后端开发,上海
深圳市一面网络技术有限公司,一面数据,50-150人,A轮,南山区,Python 工程师（产品研发）,1-3年,本科,10k-20k,大数据人工智能；名校系大牛；技术氛围浓,"移动互联网,数据服务",开发|测试|运维类,"['技能培训', '海归精英团队', 'Geek分享', '绩效奖金']",后端开发,深圳
北京向上一心科技有限公司,老虎集团,150-500人,上市公司,朝阳区,python开发工程师,3-5年,本科,20k-35k,技术氛围好；交通便利,"移动互联网,金融",开发|测试|运维类,"['绩效奖金', '年底双薪', '带薪年假', '定期体检']",后端开发,北京
上海道客网络科技有限公司,DAOCLOUD,150-500人,B轮,杨浦区,Python开发工程师 （上海/北京）,3-5年,本科,15k-30k,"15天年假,5天病假,技术氛围,年终多薪","企业服务,数据服务",开发|测试|运维类,"['工程师文化', '业界大牛', '改变世界', '豪华团队']",后端开发,上海
北京汇行科技有限公司,妙计旅行,150-500人,B轮,东城区,Python开发工程师-供应链开发,3-5年,不限,15k-25k,七险一金；大牛带队；上升空间,旅游,开发|测试|运维类,"['股票期权', '十四薪', '零食饮料水果', '团队氛围好']",后端开发,北京
腾讯科技（深圳）有限公司,腾讯,2000人以上,上市公司,南山区,python开发工程师,3-5年,本科,20k-40k,架构设计，项目锻炼，职业成长,社交,开发|测试|运维类,"['免费班车', '成长空间', '年度旅游', '岗位晋升']",后端开发,深圳
北京快快网络技术有限公司,真融宝,150-500人,B轮,海淀区,Python中级开发工程师,不限,本科,20k-25k,"六险一金,有餐补,团队氛围好，成长空间大",金融,开发|测试|运维类,"['员工福利丰富', '高薪期权', '热门行业', '免费工作餐']",后端开发,北京
上海谷露软件有限公司,谷露软件,50-150人,A轮,黄浦区,Python开发工程师,3-5年,本科,20k-25k,五险一金，定期体检，带薪年假，午餐补助,"数据服务,企业服务",开发|测试|运维类,"['团队融洽', '股票期权', '扁平管理', '通讯津贴']",后端开发,上海
北京中科物安科技有限公司,中科物安,50-150人,B轮,海淀区,python开发工程师,3-5年,本科,15k-25k,"发展空间大,五险一金,餐补,带薪年假",信息安全,开发|测试|运维类,"['年底双薪', '带薪年假', '午餐补助', '领导好']",后端开发,北京
北京国双科技有限公司,Gridsum 国双,500-2000人,上市公司,海淀区,资深Python研发工程师,5-10年,本科,25k-40k,"上市公司,六险一金,发挥空间,团队氛围","数据服务,企业服务",开发|测试|运维类,"['节日礼物', '年底双薪', '带薪年假', '午餐补助']",后端开发,北京
杭州嘉云数据科技有限公司,Club Factory,150-500人,C轮,西湖区,Python开发工程师（数据方向）,1-3年,本科,15k-20k,"海量数据,世界级产品,核心业务,高复杂度","电商,移动互联网",开发|测试|运维类,"['海量大数据', '世界级产品', 'AI', '智能供应链']",后端开发,杭州
北京智胜新格科技有限公司,北京智胜新格科技有限...,150-500人,不需要融资,海淀区,Python开发（海外休闲游戏方向）,3-5年,本科,15k-30k,1. 公司大牛聚集 2.硅谷式办公环境,"移动互联网,游戏",开发|测试|运维类,"['绩效奖金', '定期体检', '弹性工作', '节日礼物']",后端开发,北京
北京达佳互联信息技术有限公司,快手,2000人以上,D轮及以上,海淀区,Python开发工程师-【基础架构】,3-5年,本科,25k-50k,"发展快,空间大,待遇优",文娱丨内容,开发|测试|运维类,"['股票期权', '弹性工作', '定期体检', '岗位晋升']",后端开发,北京
上海炫体信息科技有限公司,雷速体育,50-150人,不需要融资,虹口区,Python（年轻人的狂欢）,1-3年,本科,12k-20k,轻松办公环境、无限零食、桌球、乒乓球,"移动互联网,社交",开发|测试|运维类,"['节日礼物', '年底双薪', '专项奖金', '带薪年假']",后端开发,上海
上海行动教育科技股份有限公司,行动教育,500-2000人,上市公司,闵行区,python开发工程师,3-5年,本科,20k-30k,上市公司 创业团队 氛围好 国外游学,教育,开发|测试|运维类,"['五险一金', '绩效奖金', '领导好', '美女多']",后端开发,上海
溪流科技（北京）有限公司,溪流科技,15-50人,未融资,海淀区,Python开发工程师,3-5年,本科,12k-24k,"成长空间大,团队文化好六险一金,周末双休","企业服务,数据服务",开发|测试|运维类,"['午餐补助', '岗位晋升', '管理规范', '带薪年假']",后端开发,北京
上海炫体信息科技有限公司,雷速体育,50-150人,不需要融资,虹口区,Python（年轻人的狂欢）,1-3年,大专,12k-20k,"交通补贴,饭补,旅游,下午茶","移动互联网,社交",开发|测试|运维类,"['节日礼物', '年底双薪', '专项奖金', '带薪年假']",企业软件,上海
北京国双科技有限公司,Gridsum 国双,500-2000人,上市公司,福田区,资深python研发工程师,5-10年,本科,20k-40k,上市公司 发挥空间 折腾技术 牛人多,"数据服务,企业服务",开发|测试|运维类,"['节日礼物', '年底双薪', '带薪年假', '午餐补助']",后端开发,深圳
大河网络传媒集团有限公司,大河网,150-500人,不需要融资,中原区,Python,3-5年,本科,5k-10k,五险 双休,文娱丨内容,开发|测试|运维类,"['节日礼物', '年底双薪', '专项奖金', '带薪年假']",后端开发,郑州
平安科技（深圳）有限公司,平安科技,2000人以上,不需要融资,南山区,112145-资深容器python开发,5-10年,本科,15k-30k,"五险一金,绩效奖金",金融,开发|测试|运维类,"['六险一金', '扁平化管理', '丰厚年终', '丰富技术交流']",后端开发,深圳
暗物智能科技（广州）有限公司,DMAI智能科技,150-500人,A轮,南沙区,机器学习研发工程师-Python,1-3年,硕士,20k-35k,极快速发展、空间大,移动互联网,开发|测试|运维类,"['带薪年假', '绩效奖金', 'AI', '高福利待遇']",人工智能,广州
西安智园软件开发管理有限公司,Wisdom Garden,50-150人,A轮,高新技术产业开发区,Python高级工程师,5-10年,不限,13k-26k,弹性扁平 福利棒 大牛同你一起飞,教育,开发|测试|运维类,"['敏捷开发', 'Mac高配', '六险一金', '扁平化管理']",后端开发,西安
深圳高新网络科技有限公司,高新网络科技,50-150人,未融资,岳麓区,高级python开发工程师,3-5年,本科,20k-30k,"高薪酬,五险一金,年终奖",游戏,开发|测试|运维类,[],数据开发,长沙
北京钱方银通科技有限公司,钱方好近,150-500人,B轮,朝阳区,python开发工程师,3-5年,本科,13k-26k,五险一金、双休、餐补,金融,开发|测试|运维类,"['节日礼物', '带薪年假', '绩效奖金', '年度旅游']",后端开发,北京
北京摩尔宝宝网络科技有限公司,摩尔妈妈,15-50人,A轮,朝阳区,高级python开发工程师,3-5年,本科,30k-40k,"大牛带队,注重成长,季度奖金,免费午餐",移动互联网,开发|测试|运维类,"['大牛带队', '注重成长', '硅谷范儿', '免费午餐']",后端开发,北京
阳光保险集团股份有限公司,阳光产险信保事业部,2000人以上,不需要融资,朝阳区,高级python开发工程师,5-10年,本科,16k-32k,"晋升空间大,年终奖金多,福利丰厚,平台大",金融,开发|测试|运维类,"['绩效奖金', '五险一金', '通讯津贴', '交通补助']",后端开发,北京
腾讯科技（深圳）有限公司,腾讯,2000人以上,上市公司,南山区,python开发工程师,不限,不限,20k-40k,大厂经验，广阔的发展平台,社交,开发|测试|运维类,"['免费班车', '成长空间', '年度旅游', '岗位晋升']",后端开发,深圳
上海多赋信息科技有限公司,多赋信息,50-150人,不需要融资,杨浦区,Python,3-5年,大专,10k-17k,五险一金,"移动互联网,硬件",开发|测试|运维类,"['带薪年假', '定期体检', '年终分红', '股票期权']",后端开发,上海
广州美亚电子商务国际旅行社有限公司,美亚商旅,150-500人,不需要融资,天河区,Python开发工程师,1-3年,大专,6k-12k,"五险一金,带薪年假,绩效奖金,年底双薪",电商,开发|测试|运维类,"['节日礼物', '技能培训', '绩效奖金', '年度旅游']",后端开发,广州
成都无糖信息技术有限公司,无糖信息,50-150人,A轮,高新区,Python开发工程师,3-5年,不限,7k-12k,福利完善 地铁周边 年轻团队 扁平管理,"信息安全,数据服务",开发|测试|运维类,"['带薪年假', '五险一金', '弹性工作', '领导好']",后端开发,成都
中电太极（集团）有限公司,中电太极（集团）有限公司,2000人以上,不需要融资,高新技术产业开发区,（西安）Python开发工程师,3-5年,本科,6k-12k,发展前景,"信息安全,数据服务",开发|测试|运维类,[],后端开发,西安
上海炫体信息科技有限公司,雷速体育,50-150人,不需要融资,虹口区,Python（年轻人的狂欢）,1-3年,本科,12k-20k,"五险一金,氛围佳,年度旅游,福利好","移动互联网,社交",开发|测试|运维类,"['节日礼物', '年底双薪', '专项奖金', '带薪年假']",企业软件,上海
上海估家网络科技有限公司,房价网,50-150人,B轮,长宁区,python开发工程师,1-3年,本科,15k-20k,发展前景；管理权限,"移动互联网,数据服务",开发|测试|运维类,"['节日礼物', '绩效奖金', '五险一金', '年底双薪']",数据开发,上海
平安科技（深圳）有限公司,平安科技,2000人以上,不需要融资,南山区,11217M-资深python开发（平安云）,5-10年,本科,18k-30k,"五险一金,绩效奖金",金融,开发|测试|运维类,"['六险一金', '扁平化管理', '丰厚年终', '丰富技术交流']",运维,深圳
北京逍遥志科技有限公司,逍遥志科技,15-50人,A轮,朝阳区,高级Python研发工程师,5-10年,本科,25k-50k,牛人多，氛围好，发展快,"移动互联网,金融",开发|测试|运维类,"['定期体检', '股票期权', '弹性工作', '领导好']",后端开发,北京
北京奇安信科技有限公司,奇安信集团,2000人以上,不需要融资,朝阳区,Python,3-5年,本科,10k-20k,免费三餐 弹性工作制,信息安全,开发|测试|运维类,"['年底双薪', '带薪年假', '午餐补助', '定期体检']",后端开发,北京
北京字节跳动科技有限公司,字节跳动,2000人以上,C轮,海淀区,Python开发工程师-变现业务,1-3年,本科,25k-40k,六险一金，弹性工作，免费三餐，租房补贴，带薪休假，休闲下午茶，扁平管理，健身瑜伽，过亿用户，职业大牛，晋升空间，团队氛围好，优厚薪资,文娱丨内容,开发|测试|运维类,"['扁平管理', '弹性工作', '大厨定制三餐', '就近租房补贴']",后端开发,北京
北京高鸿兴科信息技术有限公司武汉分公司,高鸿兴科,50-150人,不需要融资,海淀区,高级python开发工程师,5-10年,本科,15k-20k,"福利健全,外包岗,五险一金","移动互联网,数据服务",开发|测试|运维类,"['年底双薪', '带薪年假', '通讯津贴', '定期体检']",后端开发,北京
深圳云天励飞技术有限公司,云天励飞,500-2000人,B轮,福田区,Python开发工程师(J10047),3-5年,不限,15k-25k,人工智能,人工智能,开发|测试|运维类,"['节日礼物', '带薪年假', '年度旅游', '开放务实']",后端开发,深圳
北京钱方银通科技有限公司,钱方好近,150-500人,B轮,双流县,Python开发工程师（成都）,3-5年,本科,12k-20k,全球移动支付建设者的平台,金融,开发|测试|运维类,"['节日礼物', '带薪年假', '绩效奖金', '年度旅游']",后端开发,成都
上海辰沅金融信息服务有限公司,辰沅金融,15-50人,A轮,浦东新区,Python,1-3年,本科,13k-26k,"公司环境好,牛人聚集地,扁平化管理,晋升空间大",金融,开发|测试|运维类,"['带薪年假', '弹性工作', '年度旅游', '五险一金']",后端开发,上海
深圳市微课科技有限公司,荔枝微课,50-150人,A轮,南山区,初级python开发工程师,1-3年,本科,10k-15k,团队年轻，专人带领,"移动互联网,教育",开发|测试|运维类,"['美女多', '弹性工作', '扁平管理', '午餐补助']",后端开发,深圳
达而观信息科技（上海）有限公司,达观数据,150-500人,B轮,浦东新区,高级python开发工程师,3-5年,本科,18k-25k,AI准独角兽 技术氛围浓 优秀伙伴,人工智能,开发|测试|运维类,"['AI人工智能', 'NLP', '技术领先', '市场口碑佳']",后端开发,上海
北京国双科技有限公司,Gridsum 国双,500-2000人,上市公司,福田区,高级Python研发工程师,1-3年,本科,13k-25k,上市公司、团队管理、发挥空间、福利优厚,"数据服务,企业服务",开发|测试|运维类,"['节日礼物', '年底双薪', '带薪年假', '午餐补助']",后端开发,深圳
掌阅科技股份有限公司,掌阅,500-2000人,上市公司,朝阳区,高级Python研发工程师,3-5年,本科,22k-35k,"千万级用户,高并发系统",文娱丨内容,开发|测试|运维类,"['专项奖金', '带薪年假', '年度旅游', '扁平管理']",后端开发,北京
成都民航西南凯亚有限责任公司,西南凯亚,150-500人,不需要融资,高新区,高级python开发工程师,5-10年,本科,8k-10k,国企，带薪休假，五险一金，没有996,"信息安全,其他",开发|测试|运维类,"['午餐补助', '绩效奖金', '带薪年假', '定期体检']",后端开发,成都
上海辰沅金融信息服务有限公司,辰沅金融,15-50人,A轮,浦东新区,Python开发工程师,1-3年,本科,13k-26k,"公司环境好,牛人聚集地,扁平化管理,晋升空间大",金融,开发|测试|运维类,"['带薪年假', '弹性工作', '年度旅游', '五险一金']",后端开发,上海
深圳市彬讯科技有限公司,土巴兔,500-2000人,C轮,南山区,python开发工程师,1-3年,本科,13k-20k,周末双休 带薪年假,"移动互联网,消费生活",开发|测试|运维类,"['股票期权', '五险一金', '带薪年假', '节日礼物']",后端开发,深圳
西安星垂智能科技有限公司,星垂智能,15-50人,不需要融资,高新技术产业开发区,Python Engineer,1-3年,本科,10k-20k,Work from home；免费健身房,"移动互联网,人工智能",开发|测试|运维类,"['带薪年假', '弹性工作', '健身房福利', '扁平管理']",后端开发,西安
北京流体网络科技有限公司,流体网络,50-150人,B轮,朝阳区,Python开发工程师(推荐系统),3-5年,本科,12k-24k,薪资福利优厚,移动互联网,开发|测试|运维类,"['股票期权', '弹性工作', '领导好', '扁平管理']",后端开发,北京
北京悦慧康科技有限公司,悦慧康,50-150人,未融资,海淀区,Python开发工程师,1-3年,本科,12k-24k,六险一金 交通补贴 专业培训,移动互联网,开发|测试|运维类,[],后端开发,北京
深圳小步网络科技有限公司,小步网络,150-500人,B轮,宝安区,Python后台开发工程师,3-5年,本科,15k-30k,"待遇优厚,成长空间大,弹性上班,下午茶",移动互联网,开发|测试|运维类,"['股票期权', '定期体检', '下午茶', '年度旅游']",后端开发,深圳
北京国双科技有限公司,Gridsum 国双,500-2000人,上市公司,福田区,资深Python研发工程师,3-5年,本科,20k-40k,上市公司、团队管理、发挥空间、福利优厚,"数据服务,企业服务",开发|测试|运维类,"['节日礼物', '年底双薪', '带薪年假', '午餐补助']",后端开发,深圳
广州泉涌信息科技有限公司,泉涌信息,15-50人,不需要融资,天河区,python高级开发,5-10年,本科,18k-35k,福利待遇好 团队氛围好 数据量大,移动互联网,开发|测试|运维类,"['海外互联网', '快速成长', '出国旅游', '扁平管理']",后端开发,广州
深圳市云间网络科技有限公司,云间网络,50-150人,不需要融资,东湖新技术开发区,python开发工程师(武汉）,1-3年,大专,7k-8k,发展前景的空间很大，公司福利多多,"移动互联网,企业服务",开发|测试|运维类,"['年底双薪', '股票期权', '专项奖金', '绩效奖金']",后端开发,武汉
北京钱方银通科技有限公司,钱方好近,150-500人,B轮,朝阳区,python开发工程师,3-5年,本科,15k-25k,全球移动支付建设者的平台,金融,开发|测试|运维类,"['节日礼物', '带薪年假', '绩效奖金', '年度旅游']",后端开发,北京
成都宽邦科技有限公司,宽邦（BigQuant）,50-150人,天使轮,高新区,Python开发工程师,1-3年,本科,8k-15k,"前沿技术,发展广阔,人工智能,优秀团队","金融,数据服务",开发|测试|运维类,"['前沿技术', '五险一金', '股票期权', '团队优秀']",后端开发,成都
北京字节跳动科技有限公司,字节跳动,2000人以上,C轮,玄武区,资深Python研发工程师,3-5年,本科,25k-40k,高薪期权，弹性工作，免费三餐，租房补贴,文娱丨内容,开发|测试|运维类,"['扁平管理', '弹性工作', '大厨定制三餐', '就近租房补贴']",后端开发,南京
郑州创恒实业有限公司,郑州创恒实业有限公司,150-500人,未融资,金水区,高级Python开发工程师,1-3年,大专,7k-10k,高级,移动互联网,开发|测试|运维类,"['年底双薪', '节日礼物', '技能培训', '绩效奖金']",后端开发,郑州
广州英荔教育科技有限公司,英荔教育,15-50人,不需要融资,天河区,Python高级软件工程师,1-3年,本科,9k-18k,双休 带薪假 年假 晋升大 气氛融洽,"企业服务,教育",开发|测试|运维类,"['年底双薪', '午餐补助', '带薪年假', '五险一金']",后端开发,广州
湖南快乐阳光互动娱乐传媒有限公司,芒果tv,500-2000人,上市公司,开福区,Python/Go 架构师,5-10年,本科,10k-20k,13薪，奖金丰富，大平台发展前景广阔,文娱丨内容,开发|测试|运维类,"['节日礼物', '免费班车', '带薪年假', '帅哥多']",后端开发,长沙
上海辰沅金融信息服务有限公司,辰沅金融,15-50人,A轮,浦东新区,Python开发工程师,1-3年,本科,13k-26k,"公司环境好,牛人聚集地,扁平化管理,晋升空间大",金融,开发|测试|运维类,"['带薪年假', '弹性工作', '年度旅游', '五险一金']",后端开发,上海
北京步鼎方舟科技有限公司,微车,150-500人,C轮,海淀区,Python高级开发工程师,5-10年,本科,20k-40k,"六险一金,通讯补贴,带薪年假","移动互联网,消费生活",开发|测试|运维类,[],后端开发,北京
上海酷萌网络科技有限公司,酷萌网络（LNI技术有限公司）,2000人以上,不需要融资,南山区,Python高级工程师,3-5年,本科,20k-30k,十三薪、十五天年假、工作轻松、海外机会,"移动互联网,游戏",开发|测试|运维类,"['年底双薪', '专项奖金', '绩效奖金', '带薪年假']",后端开发,深圳
北京字节跳动科技有限公司,字节跳动,2000人以上,C轮,海淀区,高级python研发工程师,1-3年,本科,20k-40k,"六险一金,高薪期权,弹性工作,租房补贴",文娱丨内容,开发|测试|运维类,"['扁平管理', '弹性工作', '大厨定制三餐', '就近租房补贴']",后端开发,北京
广州回头车信息科技有限公司,省省回头车,50-150人,A轮,天河区,高级python开发工程师,3-5年,本科,15k-25k,五险一金 期权激励 年底双薪 双休,消费生活,开发|测试|运维类,"['五险一金', '带薪年假', '年度旅游', '岗位晋升']",后端开发,广州
深圳市易博天下科技有限公司,易博天下,150-500人,上市公司,南山区,资深Python开发工程师,5-10年,大专,20k-28k,平台好，上市公司，周末双休，高速增长,"移动互联网,消费生活",开发|测试|运维类,"['年底双薪', '股票期权', '带薪年假', '创业公司范儿']",后端开发,深圳
上海估家网络科技有限公司,房价网,50-150人,B轮,长宁区,python开发工程师,1-3年,本科,10k-15k,发展前景；管理权限,"移动互联网,数据服务",开发|测试|运维类,"['节日礼物', '绩效奖金', '五险一金', '年底双薪']",后端开发,上海
优维科技（深圳）有限公司,优维科技,50-150人,B轮,朝阳区,Python开发-北京,1-3年,本科,10k-20k,"BAT系,年底奖金,氛围好","移动互联网,企业服务",开发|测试|运维类,"['年底双薪', '午餐补助', '股票期权', '弹性工作']",后端开发,北京
上海众言网络科技有限公司,问卷网@爱调研,150-500人,C轮,徐汇区,Python高级开发工程师,5-10年,本科,25k-35k,双休，每年多次调薪，平台大，弹性时间,移动互联网,开发|测试|运维类,"['技能培训', '节日礼物', '年底双薪', '绩效奖金']",后端开发,上海
耘智信息科技（上海）有限公司,Seedlink,15-50人,A轮,静安区,Django/Python/后端开发,3-5年,本科,20k-35k,发展前景好、学习发展快,"移动互联网,企业服务",开发|测试|运维类,"['股票期权', '扁平管理', '年终分红', '五险一金']",后端开发,上海
西安星垂智能科技有限公司,星垂智能,15-50人,不需要融资,高新技术产业开发区,Python 后端开发工程师,1-3年,本科,10k-20k,Work from home；免费健身房,"移动互联网,人工智能",开发|测试|运维类,"['带薪年假', '弹性工作', '健身房福利', '扁平管理']",后端开发,西安
北京神州绿盟信息安全科技股份有限公司,绿盟科技,500-2000人,上市公司,高新技术产业开发区,python开发实习生（西安）,不限,本科,2k-3k,餐饮补贴 专业培训 弹性工作,信息安全,开发|测试|运维类,"['技能培训', '节日礼物', '股票期权', '带薪年假']",移动前端开发,西安
全球生物医药产业发展（成都）有限公司,GDCC,50-150人,不需要融资,高新区,Python(AI) /Java工程师,3-5年,本科,10k-15k,"AI,生物科技,深度学习,大平台","移动互联网,医疗丨健康",开发|测试|运维类,"['专项奖金', '带薪年假', '领导好', '管理规范']",后端开发,成都
北京国双科技有限公司,Gridsum 国双,500-2000人,上市公司,福田区,Python后端开发工程师,1-3年,本科,10k-20k,上市公司 前景佳 氛围好 牛人多,"数据服务,企业服务",开发|测试|运维类,"['节日礼物', '年底双薪', '带薪年假', '午餐补助']",后端开发,深圳
中国电信股份有限公司云计算分公司,中国电信云计算公司,500-2000人,上市公司,海淀区,Python开发工程师,5-10年,本科,20k-35k,天翼云 业务牛 稳定 国家队,数据服务,开发|测试|运维类,"['节日礼物', '技能培训', '白富美', '绩效奖金']",后端开发,北京
上海辰沅金融信息服务有限公司,辰沅金融,15-50人,A轮,浦东新区,Python工程师,1-3年,本科,13k-26k,"公司环境好,牛人聚集地,扁平化管理,晋升空间大",金融,开发|测试|运维类,"['带薪年假', '弹性工作', '年度旅游', '五险一金']",后端开发,上海
北京阿博茨科技有限公司,阿博茨科技,150-500人,B轮,海淀区,PYTHON开发工程师 (MJ000126),1-3年,本科,15k-25k,金融科技 人工智能,移动互联网,开发|测试|运维类,"['五天工作制', '带薪假期', '健康午餐', '体育课']",后端开发,北京
富途网络科技（深圳）有限公司,富途,500-2000人,上市公司,南山区,高级DevOps开发工程师/python,3-5年,不限,15k-30k,"腾讯系团队,扁平管理,六险一金",金融,开发|测试|运维类,"['年底双薪', '腾讯系', '互联网金融', '年度体检']",运维,深圳
北京十牛科技有限公司,十牛科技,15-50人,天使轮,朝阳区,python开发工程师,1-3年,大专,10k-20k,五险一金，项目奖金，年终奖,移动互联网,开发|测试|运维类,"['股票期权', '年终分红', '午餐补助', '绩效奖金']",后端开发,北京
北京字节跳动科技有限公司,字节跳动,2000人以上,C轮,黄浦区,高级Python开发工程师,3-5年,本科,25k-50k,六险一金，餐补，租房补贴，带薪休假，休闲下午茶，过亿用户，职业大牛，团队氛围好，优厚薪资,文娱丨内容,开发|测试|运维类,"['扁平管理', '弹性工作', '大厨定制三餐', '就近租房补贴']",后端开发,上海
北京第三石科技发展有限公司,第三石科技,50-150人,B轮,朝阳区,高级Python开发工程师,5-10年,本科,25k-40k,"前沿技术,弹性工作,丰富下午茶","移动互联网,电商",开发|测试|运维类,"['股票期权', '交通补助', '带薪年假', '扁平管理']",后端开发,北京
通联数据股份公司,通联数据,150-500人,不需要融资,虹口区,Python开发工程师SH,1-3年,本科,15k-25k,"技术氛围浓,办公环境好,团队氛围佳",金融,开发|测试|运维类,"['五险一金', '通讯津贴', '带薪年假', '节日礼物']",后端开发,上海
成都市肆零肆网络科技有限公司,成都肆零肆,50-150人,未融资,武侯区,Python高级开发工程师,3-5年,本科,10k-18k,"六险一金,带薪年假,项目提成,周末双休","信息安全,数据服务",开发|测试|运维类,"['弹性工作', '帅哥多', '节日礼物', '管理规范']",后端开发,成都
上海沸橙信息科技有限公司,上海沸橙信息科技有限公司,150-500人,不需要融资,浦东新区,python开发,1-3年,本科,12k-20k,核心项目,"电商,移动互联网",开发|测试|运维类,"['带薪年假', '绩效奖金', '定期体检', '交通补助']",后端开发,上海
深圳比特屋网络有限公司,时光小屋,15-50人,B轮,洪山区,Python开发工程师,1-3年,本科,15k-25k,五险一金 带薪年假 午餐补助,移动互联网,开发|测试|运维类,"['年底双薪', '带薪年假', '年度旅游', '节日礼物']",后端开发,武汉
飞维美地信息技术（北京）有限公司,FreeWheel,500-2000人,上市公司,朝阳区,资深Java/Python/C#/PHP开发,3-5年,本科,27k-34k,"美资互联网,技术导向,英文环境,硅谷文化","企业服务,数据服务",开发|测试|运维类,"['技能培训', '绩效奖金', '岗位晋升', '领导好']",后端开发,北京
北京世纪好未来教育科技有限公司,好未来,2000人以上,上市公司,海淀区,AI Lab-python开发工程师,3-5年,本科,15k-30k,六险一金、年终奖金、提供晚餐、弹性工作,教育,开发|测试|运维类,"['上市公司', '领军企业', '五险一金', '住福计划']",后端开发,北京
深圳市客路网络科技有限公司,KLOOK 客路旅行,500-2000人,D轮及以上,福田区,高级Python工程师,3-5年,本科,15k-30k,"国际化平台,环境舒适,好玩有趣",旅游,开发|测试|运维类,"['零食水果供应', '带薪年假', '绩效奖金', '扁平管理']",后端开发,深圳
弘康人寿保险股份有限公司,弘康人寿,150-500人,不需要融资,朝阳区,python开发工程师,不限,本科,15k-20k,"五险一金,工作居住证,福利补贴,年终奖",金融,开发|测试|运维类,"['年底双薪', '节日礼物', '技能培训', '绩效奖金']",后端开发,北京
深圳前海农产品交易所股份有限公司,前海农交所,50-150人,不需要融资,南山区,Python工程师,3-5年,大专,15k-30k,激情团队,"金融,其他",开发|测试|运维类,"['绩效奖金', '带薪年假', '定期体检', '专项奖金']",后端开发,深圳
北京字节跳动科技有限公司,字节跳动,2000人以上,C轮,海淀区,高级python工程师,3-5年,本科,30k-60k,六险一金，高薪期权，弹性工作，免费三餐,文娱丨内容,开发|测试|运维类,"['扁平管理', '弹性工作', '大厨定制三餐', '就近租房补贴']",后端开发,北京
北京自造星球科技有限公司,牛顿Newton,50-150人,不需要融资,朝阳区,高级Python研发工程师,3-5年,本科,15k-30k,"区块链,高成长","企业服务,数据服务",开发|测试|运维类,"['技能培训', '股票期权', '扁平管理', '定期体检']",后端开发,北京
上海易路软件有限公司,易路,150-500人,B轮,闵行区,Python中级开发工程师,1-3年,本科,12k-18k,五险一金，加班费，C轮创业，期权激励,"移动互联网,企业服务",开发|测试|运维类,"['技能培训', '年底双薪', '绩效奖金', '岗位晋升']",后端开发,上海
深圳市丰巢科技有限公司,深圳市丰巢科技有限公司,500-2000人,A轮,东湖新技术开发区,Python开发工程师-武汉,3-5年,本科,10k-20k,扁平化管理 大平台 薪酬福利好,消费生活,开发|测试|运维类,"['五险一金', '通讯津贴', '交通补助', '带薪年假']",后端开发,武汉
北京融联世纪信息技术有限公司,时光金科,500-2000人,未融资,海淀区,高级Python研发工程师,3-5年,本科,30k-50k,千万级用户，高并发系统，团队大牛多,金融,开发|测试|运维类,[],后端开发,北京
北京点石经纬科技有限公司,OKAY智慧教育,500-2000人,B轮,海淀区,高级python工程师,3-5年,大专,15k-30k,"领导nic,扁平化管理","移动互联网,教育",开发|测试|运维类,"['五险一金', '带薪年假', '节日礼物', '午餐补助']",后端开发,北京
青岛英联艺术传媒有限公司,AAM中国,50-150人,未融资,荔湾区,Python高级开发工程师,3-5年,本科,15k-26k,高效团队,数据服务,开发|测试|运维类,[],后端开发,广州
北京功夫仁医网络科技有限责任公司,功夫仁医,150-500人,不需要融资,武昌区,资深Python工程师,3-5年,本科,15k-22k,双休 加班少 五险一金 各类补助,"移动互联网,医疗丨健康",开发|测试|运维类,[],后端开发,武汉
上海牛咖信息科技有限公司,牛咖,50-150人,A轮,普陀区,python高级开发工程师,3-5年,本科,25k-50k,"技术大牛,弹性工作,领导耐撕,奖金丰厚","移动互联网,社交",开发|测试|运维类,"['年底双薪', '专项奖金', '绩效奖金', '弹性工作']",后端开发,上海
深圳市和讯华谷信息技术有限公司,极光,500-2000人,上市公司,南山区,Python后台开发工程师,3-5年,本科,15k-25k,上市公司、技术氛围好、弹性工作制,企业服务,开发|测试|运维类,"['五险一金', '文体活动', '团建旅游', '美味晚餐']",后端开发,深圳
北京国研网信息股份有限公司,国研网,150-500人,上市公司,东城区,高级python开发工程师,3-5年,硕士,22k-27k,六险一金，超长年假，大型国企,"企业服务,数据服务",开发|测试|运维类,"['专项奖金', '年终分红', '定期体检', '弹性工作']",后端开发,北京
广府数字（深圳）股份有限公司,广府数字,15-50人,未融资,天河区,ＰＨＰ兼 Python 开发工程师,不限,大专,13k-18k,"打造千万级,原始股权,公司核心骨,报酬丰厚","区块链,电商",开发|测试|运维类,[],后端开发,广州
上海竞乐信息技术有限公司,Garena,150-500人,不需要融资,徐汇区,python后端开发工程师,1-3年,本科,15k-28k,五险一金 ，免费零食，双休，带薪年假,移动互联网,开发|测试|运维类,"['年底双薪', '绩效奖金', '交通补助', '五险一金']",后端开发,上海
深圳市立新出行信息技术有限公司,立新出行,50-150人,不需要融资,宝安区,Python后台开发工程师,3-5年,本科,25k-35k,"周末双休,五险一金,自助零食,领导好","电商,消费生活",开发|测试|运维类,"['年底双薪', '股票期权', '带薪年假', '绩效奖金']",后端开发,深圳
北京神州绿盟信息安全科技股份有限公司,绿盟科技,500-2000人,上市公司,雁塔区,Python 后端开发工程师(J11843),1-3年,本科,10k-18k,弹性工作 双休 优秀导师 餐补 股票期权,信息安全,开发|测试|运维类,"['技能培训', '节日礼物', '股票期权', '带薪年假']",后端开发,西安
北京字节跳动科技有限公司,字节跳动,2000人以上,C轮,黄浦区,高级Python开发工程师--抖音上海,3-5年,本科,25k-50k,六险一金，弹性工作，免费三餐，租房补贴，带薪休假，休闲下午茶，扁平管理，过亿用户，职业大牛，晋升空间，团队氛围好，优厚薪资,文娱丨内容,开发/测试/运维类,"['扁平管理', '弹性工作', '大厨定制三餐', '就近租房补贴']",后端开发,上海
上海点融信息科技有限责任公司,点融,150-500人,D轮及以上,黄浦区,高级python开发工程师-SH415-41509,3-5年,本科,20k-40k,"前景好,福利好",金融,开发|测试|运维类,"['节日礼物', '带薪年假', '岗位晋升', '扁平管理']",后端开发,上海
深圳佑驾创新科技有限公司,MINIEYE,150-500人,A轮,南山区,Python 服务端开发工程师,1-3年,本科,15k-30k,"创新产品,牛人密集,从0到1,项目奖金","硬件,其他",开发|测试|运维类,"['无人驾驶', '国际标准', '车厂合作', '海归团队']",后端开发,深圳
克鲁（北京）网络科技有限公司,Castbox,50-150人,B轮,朝阳区,Python后端开发工程师,3-5年,本科,20k-40k,"大牛云集,硅谷文化,免费三餐,租房补贴","移动互联网,文娱丨内容",开发|测试|运维类,"['股票期权', '弹性工作', '免费按摩', '住房补助']",后端开发,北京
深圳呗佬科技有限公司,Bello,15-50人,A轮,南山区,python开发工程师,3-5年,不限,15k-30k,不打卡、发展空间大,"企业服务,人工智能",开发|测试|运维类,[],后端开发,深圳
北京聚道科技有限公司,GeneDock,15-50人,B轮,海淀区,Python后端工程师,5-10年,本科,25k-40k,"五险一金,免费午餐,团队融洽,技术超前","医疗丨健康,数据服务",开发|测试|运维类,"['股票期权', '带薪年假', '扁平管理', '定期体检']",后端开发,北京
上海易路软件有限公司,易路,150-500人,B轮,闵行区,Python高级开发工程师,3-5年,本科,18k-28k,五险一金，加班费，C轮创业，期权激励,"移动互联网,企业服务",开发|测试|运维类,"['技能培训', '年底双薪', '绩效奖金', '岗位晋升']",后端开发,上海
上海语酷网络科技有限公司,语酷网络,15-50人,不需要融资,静安区,后端开发工程师-Python,3-5年,不限,15k-30k,定制午餐 上升空间大,"社交,企业服务",开发|测试|运维类,[],后端开发,上海
乐飞天下信息技术(北京)有限公司,乐飞天下,150-500人,未融资,朝阳区,Python中级开发（AK）,3-5年,本科,15k-25k,五险一金 绩效奖金 员工旅游 带薪假,"移动互联网,旅游",开发|测试|运维类,"['技能培训', '扁平管理', '五险一金', '午餐补助']",后端开发,北京
北京神州绿盟信息安全科技股份有限公司,绿盟科技,500-2000人,上市公司,海淀区,实习-Python工程师,1年以下,本科,2k-4k,五险一金，周末双休,信息安全,开发|测试|运维类,"['技能培训', '节日礼物', '股票期权', '带薪年假']",后端开发,北京
新电信息科技（成都）有限公司,NCS,500-2000人,不需要融资,高新区,Python Intern,不限,本科,2k-3k,弹性工作 节日福利,企业服务,开发|测试|运维类,"['技能培训', '带薪年假', '绩效奖金', '扁平管理']",后端开发,成都
北京棕榈创想科技有限公司,PALMAX,150-500人,A轮,高新区,高级Python工程师,3-5年,本科,13k-22k,"五险一金,试用期全薪,餐补,团队氛围",移动互联网,开发|测试|运维类,"['绩效奖金', '交通补助', '定期体检', '午餐补助']",后端开发,成都
上海一起作业信息科技有限公司,一起科技,500-2000人,D轮及以上,朝阳区,python高级工程师（技术平台）,3-5年,本科,25k-50k,福利待遇,"移动互联网,教育",开发|测试|运维类,"['节日礼物', '岗位晋升', '扁平管理', '领导好']",后端开发,北京
深圳市明源云客电子商务有限公司,明源云,2000人以上,上市公司,南山区,Python高级开发工程师,3-5年,本科,15k-30k,"精英团队,技术驱动,极客氛围,行业独角兽",电商,开发|测试|运维类,"['高额六险一金', '年底双薪', '绩效奖金', 'N项经费']",后端开发,深圳
厦门美图之家科技有限公司,美图公司,2000人以上,上市公司,南山区,初/中级Python开发工程师,1-3年,本科,12k-22k,"弹性工作,海外团队,海外市场",硬件,开发|测试|运维类,"['节日礼物', '与大牛共事', '福利健全', '五险一金']",后端开发,深圳
北京初速度科技有限公司,Momenta,150-500人,B轮,相城区,软件工程师-Python(J10268),1-3年,本科,15k-25k,无人驾驶行业独角兽，福利好，弹性工作,"数据服务,硬件",开发|测试|运维类,"['股票期权', '定期体检', '14薪', '世界顶尖团队']",数据开发,苏州
北京云杉智达科技有限公司,云杉智达科技,15-50人,不需要融资,朝阳区,Python后端开发,1-3年,本科,15k-25k,带薪休假、午餐等福利、五险一金、晋升空间,"移动互联网,企业服务",开发|测试|运维类,"['绩效奖金', '扁平管理', '岗位晋升', '五险一金']",后端开发,北京
杭州今元标矩科技有限公司,金柚网,500-2000人,B轮,江干区,Python RPA工程师,1-3年,不限,10k-15k,"周末双休,五险一金,成长空间大,发展前景","移动互联网,企业服务",开发|测试|运维类,"['股票期权', '岗位晋升', '五险一金', '弹性工作']",后端开发,杭州
北京旷视科技有限公司,旷视MEGVII,500-2000人,D轮及以上,海淀区,高级python开发工程师,1-3年,本科,25k-50k,6险1金 超长假期,人工智能,开发|测试|运维类,"['科技大牛公司', '自助三餐', '年终多薪', '超长带薪假期']",后端开发,北京
北京无极慧通科技有限公司,无极慧通,50-150人,A轮,海淀区,高级python开发工程师,1-3年,本科,10k-15k,"广阔的发展,创业公司,融洽的办公","医疗丨健康,数据服务",开发|测试|运维类,"['技能培训', '年底双薪', '岗位晋升', '领导好']",数据开发,北京
深圳晶泰科技有限公司,晶泰科技,150-500人,B轮,海淀区,Python后台开发,3-5年,本科,12k-20k,"五险一金,带薪年假,MIT大牛",企业服务,开发|测试|运维类,"['节日礼物', '股票期权', '岗位晋升', '扁平管理']",后端开发,北京
北京新工场投资顾问有限公司,她理财,50-150人,A轮,朝阳区,高级python开发工程师,1-3年,本科,15k-30k,互联网金融 无天花板 六险一金 期权激励,金融,开发|测试|运维类,"['年底双薪', '节日礼物', '技能培训', '绩效奖金']",后端开发,北京
上海倾听信息技术有限公司,蜻蜓FM,150-500人,D轮及以上,浦东新区,python后台开发工程师,1-3年,本科,15k-25k,团队优秀,移动互联网,开发|测试|运维类,"['明星直播', '男女1:1', '带薪年假', '扁平管理']",后端开发,上海
北京广通信达软件股份有限公司杭州分公司,广通软件,150-500人,上市公司,西湖区,高级Python开发工程师,3-5年,大专,10k-20k,福利待遇好、技术氛围好、领导超级赞,"移动互联网,数据服务",开发|测试|运维类,"['扁平管理', '岗位晋升', '五险一金', '技能培训']",后端开发,杭州
北京微光果壳科技有限公司,微壳,150-500人,不需要融资,朝阳区,Python/Golang开发工程师,3-5年,本科,25k-40k,"Geek,16薪,海外旅游,六险一金","移动互联网,企业服务",开发|测试|运维类,"['六险一金', '年底双薪', '绩效奖金', '带薪年假']",后端开发,北京
北京多牛互动传媒股份有限公司,多牛传媒,500-2000人,上市公司,海淀区,python后端开发工程师,1-3年,本科,12k-20k,五险一金 周末双休 职业规划,文娱丨内容,开发|测试|运维类,"['五险一金', '节日礼物', '弹性工作', '岗位晋升']",后端开发,北京
浙江天垂科技有限公司,TELETRAAN,15-50人,天使轮,滨江区,python后端工程师,不限,本科,15k-30k,"硅谷模式,MAC电脑,五险一金,氛围轻松","数据服务,企业服务",开发|测试|运维类,"['硅谷技术', 'MAC环境', '股票期权', '绩效奖金']",后端开发,杭州
北京字节跳动科技有限公司,字节跳动,2000人以上,C轮,闵行区,资深Python研发工程师-广告系统,3-5年,本科,20k-35k,六险一金，免费三餐，租房补贴，休闲下午茶,文娱丨内容,开发|测试|运维类,"['扁平管理', '弹性工作', '大厨定制三餐', '就近租房补贴']",后端开发,上海
北京中关村科金技术有限公司,中科金,2000人以上,B轮,朝阳区,Python高级工程师,3-5年,本科,15k-25k,午餐补助、年终奖、节假日福利,金融,开发|测试|运维类,"['绩效奖金', '带薪年假', '午餐补助', '定期体检']",后端开发,北京
北京格灵深瞳信息技术有限公司,格灵深瞳,150-500人,C轮,海淀区,Python高级开发工程师&nbsp;,3-5年,本科,20k-40k,"扁平化管理,不定期团建","企业服务,数据服务",开发|测试|运维类,"['技能培训', '节日礼物', '玩乐项目多', '岗位晋升']",后端开发,北京
西安星垂智能科技有限公司,星垂智能,15-50人,不需要融资,高新技术产业开发区,Senior Python Engineer,3-5年,本科,15k-25k,Work from home；免费健身房,"移动互联网,人工智能",开发|测试|运维类,"['带薪年假', '弹性工作', '健身房福利', '扁平管理']",后端开发,西安
万科物业发展股份有限公司,万科物业,2000人以上,不需要融资,福田区,高级Python开发工程师,3-5年,本科,15k-30k,结构扁平 五险一金 年度旅游 弹性时间,房产家居,开发|测试|运维类,"['社区o2o', '原始股权', '弹性工作制', '互联网+']",后端开发,深圳
北京天桐互动信息技术有限公司,天桐互动,50-150人,C轮,朝阳区,高级Python工程师,1-3年,本科,20k-35k,"期权激励,扁平化管理,五险一金,年底双薪",移动互联网,开发|测试|运维类,"['年底双薪', '节日礼物', '技能培训', '年度旅游']",后端开发,北京
北京币世界网络科技有限公司,币世界,150-500人,A轮,朝阳区,python技术经理,5-10年,本科,25k-50k,五险一金，带薪年假，周末双休,"移动互联网,金融",开发|测试|运维类,"['岗位晋升', '五险一金', '节日礼物']",后端开发,北京
北京奥鹏远程教育中心有限公司,慕课网,50-150人,不需要融资,海淀区,Python助教,1-3年,本科,6k-8k,"空间无限大,领导好,团队优秀,团队氛围好","移动互联网,教育",教育|培训,"['节日礼物', '技能培训', '节日礼品卡', '月度团建']",教师,北京
腾讯科技（深圳）有限公司,腾讯,2000人以上,上市公司,南山区,监控系统开发工程师-Python&amp;Go,3-5年,本科,16k-30k,发展前景,社交,开发|测试|运维类,"['免费班车', '成长空间', '年度旅游', '岗位晋升']",后端开发,深圳
北京云杉智达科技有限公司,云杉智达科技,15-50人,不需要融资,朝阳区,高级 Python 研发工程师/方向负责人,3-5年,本科,20k-35k,房补、午餐、每月团建经费、零食水果、年假,"移动互联网,企业服务",开发|测试|运维类,"['绩效奖金', '扁平管理', '岗位晋升', '五险一金']",后端开发,北京
北京推想科技有限公司,推想科技,150-500人,C轮,朝阳区,python开发实习生 (MJ000270),不限,本科,4k-8k,大牛带队，人工智能,"医疗丨健康,数据服务",开发|测试|运维类,"['午餐补助', '弹性工作', '技能培训', '五险一金']",后端开发,北京
广州市驴迹科技有限责任公司,驴迹科技,150-500人,D轮及以上,天河区,Python web工程师,5-10年,不限,20k-35k,"双休,准上市,领导好","移动互联网,旅游",开发|测试|运维类,[],后端开发,广州
联想（北京）有限公司,联想集团,2000人以上,上市公司,海淀区,高级Python开发工程师,3-5年,本科,20k-40k,上市公司,"移动互联网,数据服务",开发|测试|运维类,"['五险一金', '绩效奖金', '午餐补助', '带薪年假']",后端开发,北京
深圳市铱硙医疗科技有限公司,脑医生,15-50人,A轮,南山区,python后端开发工程师,1-3年,本科,8k-15k,"高端前沿,前景广阔,年终奖金","医疗丨健康,数据服务",开发|测试|运维类,"['专项奖金', '带薪年假', '领导好', '五险一金']",后端开发,深圳
深圳市微课科技有限公司,荔枝微课,50-150人,A轮,南山区,python运维开发工程师,1-3年,本科,10k-15k,"双休,年轻团队,学习机会多","移动互联网,教育",开发|测试|运维类,"['美女多', '弹性工作', '扁平管理', '午餐补助']",运维,深圳
华扬联众数字技术股份有限公司西安分公司,华扬联众全国数据技术中心（HDTC）,2000人以上,不需要融资,鼓楼区,python高级开发工程师,3-5年,本科,10k-20k,带薪假期、6险1金、年底双薪,"数据服务,文娱丨内容",开发|测试|运维类,"['年底双薪', '节日礼物', '技能培训', 'baby津贴']",后端开发,南京
北大医疗信息技术有限公司,北大医信,500-2000人,不需要融资,海淀区,python运维开发工程师,1-3年,本科,6k-12k,"五险一金,年终奖,餐补,商业保险",医疗丨健康,开发|测试|运维类,"['技能培训', '节日礼物', '带薪年假', '绩效奖金']",后端开发,北京
广州小鹏汽车科技有限公司,小鹏汽车,2000人以上,B轮,天河区,Python开发高级/资深工程师/专家,3-5年,不限,20k-40k,福利待遇，发展前景,汽车丨出行,开发|测试|运维类,"['年底双薪', '专项奖金', '绩效奖金', '股票期权']",后端开发,广州
北京推想科技有限公司,推想科技,150-500人,C轮,城关区,python开发实施工程师（兰州),1-3年,大专,6k-10k,弹性工作时间，人工智能领域黑马，AI医疗,"医疗丨健康,数据服务",开发|测试|运维类,"['午餐补助', '弹性工作', '技能培训', '五险一金']",运维,兰州
北京字节跳动科技有限公司,字节跳动,2000人以上,C轮,海淀区,Python开发实习生,应届毕业生,本科,9k-12k,业界大牛，每日三餐下午茶，瑜伽健身房。,文娱丨内容,开发|测试|运维类,"['扁平管理', '弹性工作', '大厨定制三餐', '就近租房补贴']",后端开发,北京
翼果（深圳）科技有限公司,翼果科技,50-150人,天使轮,南山区,Python后台工程师(科技园),1-3年,本科,10k-20k,"技术氛围浓厚,成长期,机会多","大数据,互联网,移动互联网",开发|测试|运维类,"['绩效奖金', '岗位晋升', '扁平管理', '领导好']",后端开发,深圳
上海寻梦信息技术有限公司,拼多多,2000人以上,上市公司,长宁区,高级Python开发工程师,1-3年,本科,20k-40k,"福利好,大牛多,成长快","电商,移动互联网",开发|测试|运维类,"['股票期权', '专项奖金', '弹性工作', '扁平管理']",数据开发,上海
北京市商汤科技开发有限公司,商汤科技,2000人以上,C轮,徐汇区,Python后端工程师,5-10年,本科,23k-45k,人工智能；绩效奖金，餐补,人工智能,开发|测试|运维类,"['五险一金', '弹性工作', '丰盛三餐', '发展空间大']",后端开发,上海
深圳小步网络科技有限公司,小步网络,150-500人,B轮,宝安区,高级Python后台开发工程师,3-5年,本科,20k-30k,"海外项目,发展空间大,环境宽松,大牛多",移动互联网,开发|测试|运维类,"['股票期权', '定期体检', '下午茶', '年度旅游']",后端开发,深圳
北京小米科技有限责任公司,小米,2000人以上,D轮及以上,建邺区,Python后端开发工程师,5-10年,本科,18k-25k,发展空间、年终奖金、技术氛围浓厚,硬件,开发|测试|运维类,"['快速成长', '免费班车', '扁平管理', '技能培训']",后端开发,南京
深圳互乐科技有限公司,互乐科技,150-500人,不需要融资,海珠区,python后端开发工程师,3-5年,本科,13k-18k,扁平化 高额奖金 周末双休 公司nice,移动互联网,开发|测试|运维类,"['带薪年假', '专项奖金', '绩效奖金', '年度旅游']",后端开发,广州
深圳华秋电子有限公司,深圳华秋电子有限公司,150-500人,B轮,福田区,Python高级开发/爬虫工程师,3-5年,本科,15k-18k,"公司背景好,福利好,实力雄厚","移动互联网,电商",开发|测试|运维类,"['节日礼物', '年底双薪', '专项奖金', '带薪年假']",后端开发,深圳
北京博派通达科技有限公司,博派通达,50-150人,A轮,朝阳区,Python后端开发工程师,1-3年,大专,15k-30k,"地铁周边,超多大牛,免费茶歇,弹性工作","移动互联网,硬件",开发|测试|运维类,"['年底双薪', '股票期权', '带薪年假', '扁平管理']",后端开发,北京
北京墨云科技有限公司,墨云科技,50-150人,B轮,鼓楼区,python后端开发工程师,3-5年,本科,15k-30k,五险一金,信息安全,开发|测试|运维类,"['股票期权', '弹性工作', '五险一金', '午餐交通补助']",后端开发,南京
上海倾听信息技术有限公司,蜻蜓FM,150-500人,D轮及以上,朝阳区,Python 后端开发（北京）,1-3年,本科,18k-36k,发展前景优，工作氛围轻松,移动互联网,开发|测试|运维类,"['明星直播', '男女1:1', '带薪年假', '扁平管理']",后端开发,北京
西安星垂智能科技有限公司,星垂智能,15-50人,不需要融资,高新技术产业开发区,高级 Python 后端开发工程师,3-5年,本科,15k-25k,Work from home；免费健身房,"移动互联网,人工智能",开发|测试|运维类,"['带薪年假', '弹性工作', '健身房福利', '扁平管理']",后端开发,西安
深圳永安在线科技有限公司,威胁猎人,50-150人,A轮,南山区,python后台开发工程师（中级）,3-5年,本科,17k-25k,"报酬丰厚,氛围好,福利好,晋升空间大",信息安全,开发|测试|运维类,"['带薪年假', '股票期权', '绩效奖金', '扁平管理']",后端开发,深圳
北京黑尾互动科技有限公司,黑尾互动,15-50人,天使轮,朝阳区,Python后端工程师,3-5年,本科,18k-35k,出海前景大 一线风投背书 精英海归团队,"移动互联网,社交",开发|测试|运维类,"['午餐补助', '绩效奖金', '股票期权']",后端开发,北京
北京推想科技有限公司,推想科技,150-500人,C轮,吴江区,Python开发实施工程师（苏州）,1-3年,大专,6k-12k,弹性工作时间，人工智能领域黑马，AI医疗,"医疗丨健康,数据服务",开发|测试|运维类,"['午餐补助', '弹性工作', '技能培训', '五险一金']",后端开发,苏州
北京市商汤科技开发有限公司,商汤科技,2000人以上,C轮,南山区,Python后端工程师,5-10年,本科,20k-40k,人工智能,人工智能,开发|测试|运维类,"['五险一金', '弹性工作', '丰盛三餐', '发展空间大']",后端开发,深圳
网易（杭州）有限公司,网易,2000人以上,上市公司,天河区,Python开发工程师,3-5年,本科,20k-25k,福利好，大牛多，平台大，16薪,电商,开发|测试|运维类,"['节日礼物', '技能培训', '免费班车', '带薪年假']",后端开发,广州
深圳市金证优智科技有限公司,金证优智,15-50人,A轮,海淀区,python数据开发工程师,3-5年,本科,20k-40k,"技术大牛,团队氛围好,高成长",人工智能,开发|测试|运维类,[],后端开发,北京
北京字节跳动科技有限公司,字节跳动,2000人以上,C轮,黄浦区,Python开发实习生-短视频方向,不限,本科,4k-8k,弹性工作，餐补，租房补贴，休闲下午茶，扁平管理，过亿用户，职业大牛，团队氛围好，优厚薪资,文娱丨内容,开发|测试|运维类,"['扁平管理', '弹性工作', '大厨定制三餐', '就近租房补贴']",后端开发,上海
重庆满惠网络科技有限公司,满惠科技,150-500人,不需要融资,江北区,python开发工程师,3-5年,大专,6k-10k,"平台广,弹性工作,节日福利","移动互联网,数据服务",开发|测试|运维类,[],后端开发,重庆
成都斯沃茨科技有限公司,Swartz,15-50人,A轮,高新区,python后端开发工程师,1-3年,本科,7k-11k,"朝九晚六,弹性上班时间,每月带薪事假","移动互联网,其他",开发|测试|运维类,"['弹性工作', '领导好', '带薪年假', '节日礼物']",后端开发,成都
全球生物医药产业发展（成都）有限公司,GDCC,50-150人,不需要融资,高新区,中级Python/Java工程师,3-5年,本科,10k-15k,发展前景 好团队,"移动互联网,医疗丨健康",开发|测试|运维类,"['专项奖金', '带薪年假', '领导好', '管理规范']",后端开发,成都
武汉小果科技有限公司,森果,50-150人,天使轮,江夏区,Python后台,1-3年,本科,9k-15k,技术大牛，年终奖，自主研发，提供mac,"移动互联网,企业服务",开发|测试|运维类,"['股票期权', '弹性工作', '节日礼物', '领导好']",后端开发,武汉
广州南天电脑系统有限公司,广州南天,500-2000人,上市公司,天河区,pyhton运维开发工程师,3-5年,大专,8k-15k,"五险一金,年终奖金,带薪年假,周末双休",数据服务,开发|测试|运维类,"['五险一金', '带薪年假', '午餐补助', '节日礼物']",后端开发,广州
北京视野金融信息服务有限公司,视野金融,50-150人,A轮,海淀区,python算法工程师,3-5年,本科,15k-30k,五险一金 加班补助 老板nice,"移动互联网,金融",开发|测试|运维类,"['股票期权', '绩效奖金', '岗位晋升', '扁平管理']",人工智能,北京
锐波（北京）科技有限公司,波场TRON,150-500人,不需要融资,海淀区,高级python开发工程师,5-10年,本科,25k-50k,技术大牛 五险一金 团队管理,"移动互联网,金融",开发|测试|运维类,"['股票期权', '扁平管理', '美女多', '五险一金']",后端开发,北京
深圳智易科技有限公司,智易科技,15-50人,天使轮,南山区,Python后台开发工程师,3-5年,本科,25k-40k,"股票期权,云计算,人工智能,弹性工作制","数据服务,企业服务",开发|测试|运维类,"['人工智能', '云计算', '股票期权', '技能培训']",后端开发,深圳
北京旷视科技有限公司,旷视MEGVII,500-2000人,D轮及以上,海淀区,Python后端开发工程师,3-5年,本科,25k-50k,大牛多，技术氛围好,人工智能,开发|测试|运维类,"['科技大牛公司', '自助三餐', '年终多薪', '超长带薪假期']",后端开发,北京
北京一人一亩田网络科技有限公司,一亩田,150-500人,C轮,海淀区,Python实习生,不限,本科,3k-6k,"电商平台,大牛团队,导师培养","移动互联网,电商",开发|测试|运维类,"['节日礼物', '年底双薪', '专项奖金', '股票期权']",后端开发,北京
北京推想科技有限公司,推想科技,150-500人,C轮,云岩区,Python开发实施工程师（贵州）,1-3年,不限,6k-11k,弹性工作时间，人工智能领域黑马，AI医疗,"医疗丨健康,数据服务",开发|测试|运维类,"['午餐补助', '弹性工作', '技能培训', '五险一金']",后端开发,贵阳
北京墨云科技有限公司,墨云科技,50-150人,B轮,海淀区,Python后端开发工程师,3-5年,本科,15k-30k,"五险一金,弹性工作,餐补,带薪年假",信息安全,开发|测试|运维类,"['股票期权', '弹性工作', '五险一金', '午餐交通补助']",后端开发,北京
上海晨芽教育科技有限公司,晨芽科技,50-150人,天使轮,浦东新区,Python高级服务端开发工程师,5-10年,本科,15k-25k,"五险一金,团队氛围融,各类福利",教育,开发|测试|运维类,"['股票期权', '带薪年假', '岗位晋升', '五险一金']",后端开发,上海
北京视野金融信息服务有限公司,视野金融,50-150人,A轮,海淀区,Python后台工程师,3-5年,本科,15k-20k,五险一金 加班补助 老板nice,"移动互联网,金融",开发|测试|运维类,"['股票期权', '绩效奖金', '岗位晋升', '扁平管理']",后端开发,北京
励德爱思唯尔信息技术（北京）有限公司,LexisNexis,150-500人,上市公司,长宁区,Sr Python Engineer,5-10年,本科,20k-40k,15-20天年假，生日，圣诞假，节日福利,不限,开发|测试|运维类,"['年底双薪', '带薪年假', '定期体检', '扁平管理']",后端开发,上海
上海牛咖信息科技有限公司,牛咖,50-150人,A轮,普陀区,Python数据开发工程师,3-5年,本科,15k-30k,"领导逗比,氛围欢乐,扁平结构,绩效奖金","移动互联网,社交",开发|测试|运维类,"['年底双薪', '专项奖金', '绩效奖金', '弹性工作']",后端开发,上海
杭州大搜车汽车服务有限公司,大搜车,2000人以上,D轮及以上,余杭区,Python研发工程师（数据平台）,1-3年,本科,9k-15k,"大平台,成长空间大,弹性工作,扁平化",汽车丨出行,开发|测试|运维类,"['技能培训', 'Geek', '开放', '扁平管理']",后端开发,杭州
北京八维研修学院,北京八维研修学院,2000人以上,未融资,海淀区,python听课干事,1-3年,本科,10k-15k,五险一金，提供带薪年假。,教育,开发|测试|运维类,"['绩效奖金', '带薪年假', '午餐补助', '技能培训']",后端开发,北京
上海炫体信息科技有限公司,雷速体育,50-150人,不需要融资,虹口区,Python后端开发工程师,3-5年,本科,15k-25k,"年轻人,各种补助","移动互联网,社交",开发|测试|运维类,"['节日礼物', '年底双薪', '专项奖金', '带薪年假']",后端开发,上海
上海联元智能科技有限公司,联元智能科技,50-150人,A轮,普陀区,高级python后端开发工程师,3-5年,本科,12k-20k,五险一金 绩效奖金 弹性工作 补充公积金,"移动互联网,数据服务",开发|测试|运维类,"['绩效奖金', '带薪年假', '补充公积金', '年底双薪']",后端开发,上海
深圳茂源资本资产管理有限公司,茂源资本,50-150人,不需要融资,南山区,python后端工程师,不限,本科,15k-30k,扁平化 福利优,"电商,金融",开发|测试|运维类,"['年终分红', '专项奖金', '绩效奖金', '股票期权']",后端开发,深圳
混沌时代（北京）教育科技有限公司,混沌大学,150-500人,不需要融资,海淀区,python后台工程师,3-5年,本科,20k-40k,"弹性工作,六险一金,学习氛围,绩效奖金","移动互联网,教育",开发|测试|运维类,"['弹性工作', '扁平管理', '领导好', '五险一金']",后端开发,北京
北京汉迪移动互联网科技股份有限公司,iHandy,150-500人,不需要融资,海淀区,高级Python开发工程师,3-5年,本科,25k-40k,"硅谷式办公,弹性工作,时令水果",移动互联网,开发|测试|运维类,"['带薪年假', '定期体检', '文化open', '扁平化管理']",后端开发,北京
腾讯科技（深圳）有限公司,腾讯,2000人以上,上市公司,南山区,python后台开发工程师（深圳/上海）,3-5年,本科,15k-30k,"行业领先,技术氛围浓,绩效奖金,腾讯福利",社交,开发|测试|运维类,"['免费班车', '成长空间', '年度旅游', '岗位晋升']",后端开发,深圳
大连允执科技有限公司,允执科技,15-50人,未融资,沙河口区,Python开发工程师,3-5年,不限,7k-14k,"区块链,人工智能","移动互联网,信息安全",开发|测试|运维类,"['区块链', '人工智能', '技术驱动型']",后端开发,大连
深圳茂源资本资产管理有限公司,茂源资本,50-150人,不需要融资,南山区,python实习,应届毕业生,本科,4k-6k,扁平化、高福利、五天八小时弹性工作制,"电商,金融",开发|测试|运维类,"['年终分红', '专项奖金', '绩效奖金', '股票期权']",后端开发,深圳
贵阳高登世德金融科技有限公司,高登世德金融科技,50-150人,A轮,武昌区,金融数据Python开发工程师（武汉）,1-3年,本科,8k-15k,"五险一金 ,扁平管理,周末双休,专业培训","金融,数据服务",开发|测试|运维类,"['技能培训', '带薪年假', '岗位晋升', '扁平管理']",后端开发,武汉
亿可能源科技（上海）有限公司,亿可能源,50-150人,A轮,杨浦区,高级python后端开发工程师,3-5年,本科,18k-25k,发展空间大 优秀团队,"移动互联网,数据服务",开发|测试|运维类,"['技能培训', '带薪年假', '绩效奖金', '岗位晋升']",后端开发,上海
北京汉迪移动互联网科技股份有限公司,iHandy,150-500人,不需要融资,海淀区,Python开发工程师,1-3年,本科,15k-30k,六险一金 硅谷式办公 时令水果 健身器材,移动互联网,开发|测试|运维类,"['带薪年假', '定期体检', '文化open', '扁平化管理']",后端开发,北京
混沌时代（北京）教育科技有限公司,混沌大学,150-500人,不需要融资,海淀区,python后台工程师,1-3年,本科,15k-25k,"五险一金,补充医疗,定期体检,弹性工作","移动互联网,教育",开发|测试|运维类,"['弹性工作', '扁平管理', '领导好', '五险一金']",后端开发,北京
风变科技（深圳）有限公司,风变科技（深圳）有限公司,150-500人,A轮,南山区,Python课程研发,不限,本科,8k-16k,团队氛围融洽、用户体验、六险一金,"移动互联网,教育",运营|编辑|客服类,"['专项奖金', '带薪年假', '定期体检', '六险一金']",编辑,深圳
交银企业管理服务（上海）有限公司张江高科技园区分公司,交银企服,2000人以上,上市公司,徐汇区,python开发经理,5-10年,本科,15k-20k,"周末双休,交通补助,餐补","移动互联网,金融",开发|测试|运维类,[],后端开发,上海
高德软件有限公司,阿里巴巴-高德,2000人以上,上市公司,朝阳区,Python开发专家,3-5年,本科,30k-40k,优厚的福利待遇，发展前景广阔,工具,开发|测试|运维类,"['弹性工作', '帅哥多', '美女多', '五险一金']",后端开发,北京
千寻万物（深圳）科技有限公司,千寻万物,50-150人,未融资,南山区,Python后端工程师,5-10年,大专,15k-25k,薪酬福利佳 项目前景好,"移动互联网,电商",开发|测试|运维类,"['绩效奖金', '股票期权', '带薪年假', '定期体检']",后端开发,深圳
财新传媒有限公司,财新传媒,150-500人,A轮,朝阳区,python运维开发工程师,3-5年,本科,10k-20k,股票期权 绩效奖金 五险一金 园区食宿,文娱丨内容,开发|测试|运维类,"['绩效奖金', '五险一金', '通讯津贴', '交通补助']",后端开发,北京
广州掌昆网络科技有限公司,掌昆游戏,150-500人,不需要融资,海珠区,Python Web高级工程师,1-3年,本科,12k-18k,13薪 年终奖金 包餐 七险一金,"移动互联网,游戏",开发|测试|运维类,"['绩效奖金', '年底双薪', '年终分红', '带薪年假']",后端开发,广州
北京钱方银通科技有限公司,钱方好近,150-500人,B轮,朝阳区,python技术经理,5-10年,本科,20k-40k,晋升空间大,金融,开发|测试|运维类,"['节日礼物', '带薪年假', '绩效奖金', '年度旅游']",后端开发,北京
千言信息技术（上海）有限公司,italki,50-150人,A轮,黄浦区,Python后端,5-10年,本科,20k-30k,国际化平台，员工福利好，地点好，鼓励学习,"电商,教育",开发|测试|运维类,"['高端医疗保险', '国际化团队', '绩效奖金', '带薪年假']",后端开发,上海
云鲸智能科技（东莞）有限公司,云鲸智能,50-150人,A轮,东莞市市辖区,高级Python后台开发工程师,3-5年,本科,15k-30k,"五险一金,股权激励,扁平化,年度旅游",硬件,开发|测试|运维类,"['股票期权', '领导好', '公司有小厨房', '健身房']",后端开发,东莞
北京智合大方科技有限公司,客知音,50-150人,A轮,东城区,python后端（语音AI产品）,1-3年,本科,20k-40k,人工智能；技术驱动；大牛带队；福利多多,"企业服务,移动互联网",开发|测试|运维类,"['年终分红', '带薪年假', '交通补助', '午餐补助']",后端开发,北京
云势天下（北京）软件有限公司,云势软件,150-500人,A轮,朝阳区,Python后端工程师,5-10年,本科,20k-30k,"五险一金,团队优秀,带薪年假,扁平管理",企业服务,开发|测试|运维类,"['年底双薪', '专项奖金', '绩效奖金', '带薪年假']",后端开发,北京
北京启明合心科技有限公司,合心科技,50-150人,B轮,海淀区,高级python后端工程师,3-5年,本科,20k-40k,"领导好,不打卡,氛围好","移动互联网,教育",开发|测试|运维类,"['扁平管理', '最优秀的伙伴', '弹性工作', '公司午晚餐']",移动前端开发,北京
大悟多升网络科技有限公司,大悟多升,150-500人,不需要融资,浦东新区,python开发工程师,3-5年,大专,14k-25k,包住单间公寓 二三十天年假 海外工作机会,"移动互联网,游戏",开发|测试|运维类,[],后端开发,上海
深圳市兴海物联科技有限公司,兴海物联,150-500人,不需要融资,南山区,python后端工程师,1-3年,本科,12k-15k,平台大，资源多，发展空间大，扁平化管理,"其他,移动互联网",开发|测试|运维类,"['带薪年假', '绩效奖金', '专项奖金', '午餐补助']",后端开发,深圳
腾讯科技（深圳）有限公司,腾讯,2000人以上,上市公司,南山区,python后台开发,1-3年,大专,8k-12k,工作环境好；有转为腾讯正式员工机会,社交,开发|测试|运维类,"['免费班车', '成长空间', '年度旅游', '岗位晋升']",后端开发,深圳
Gekko Artificial Intelligence Limited,Gekko.ai,15-50人,不需要融资,宝安区,Python / Golang后端工程师,3-5年,本科,15k-30k,前沿技术 空间大 挑战性,"数据服务,金融",开发|测试|运维类,"['扁平管理', '股票期权', '前沿科技']",后端开发,深圳
北京旷视科技有限公司,旷视MEGVII,500-2000人,D轮及以上,海淀区,Python平台开发,不限,本科,24k-40k,发展前景好、福利待遇高,人工智能,开发|测试|运维类,"['科技大牛公司', '自助三餐', '年终多薪', '超长带薪假期']",后端开发,北京
杭州美登科技股份有限公司,美登科技,15-50人,不需要融资,拱墅区,Python Web 后端研发工程师,1-3年,本科,15k-30k,"六险二金,技术大神带,午餐补助,扁平化管理","电商,企业服务",开发|测试|运维类,"['年度旅游', '弹性工作', '丰厚年终奖', '技术大咖云集']",后端开发,杭州
力扣信息科技（上海）有限公司,LeetCode 领扣网络,15-50人,未融资,普陀区,资深 Python 后端开发工程师,5-10年,本科,20k-40k,"绩效奖励,工作环境优,扁平式管理",移动互联网,开发|测试|运维类,"['年底双薪', '绩效奖金', '午餐补助', '扁平管理']",后端开发,上海
千寻万物（深圳）科技有限公司,千寻万物,50-150人,未融资,南山区,高级python后端研发工程师/架构师,5-10年,本科,15k-30k,薪酬福利佳 项目前景好,"移动互联网,电商",开发|测试|运维类,"['绩效奖金', '股票期权', '带薪年假', '定期体检']",后端开发,深圳
风变科技（深圳）有限公司,风变科技（深圳）有限公司,150-500人,A轮,南山区,Python内容研发,不限,本科,8k-16k,团队氛围融洽、用户体验、六险一金,"移动互联网,教育",运营|编辑|客服类,"['专项奖金', '带薪年假', '定期体检', '六险一金']",编辑,深圳
杭州飞享数据技术有限公司,飞享数据,15-50人,A轮,滨江区,python开发(3年以上工作经验),3-5年,本科,14k-28k,发展空间大，领导NICE，企业氛围好,"移动互联网,数据服务",开发|测试|运维类,"['节日礼物', '技能培训', '绩效奖金', '岗位晋升']",后端开发,杭州
江西普天数据电缆有限公司,普天,2000人以上,不需要融资,高新园区,python开发工程师,3-5年,本科,15k-25k,不加班,"数据服务,移动互联网",开发|测试|运维类,"['绩效奖金', '午餐补助', '带薪年假', '年底双薪']",后端开发,大连
上海丫丫信息科技有限公司,妈妈帮,50-150人,不需要融资,浦东新区,Python主管,5-10年,本科,22k-32k,弹性作息、每日水果、部门团建、商业保险,"移动互联网,消费生活",开发|测试|运维类,"['绩效奖金', '五险一金', '交通补助', '带薪年假']",后端开发,上海
南京擎盾信息科技有限公司,南京擎盾,150-500人,A轮,雨花台区,python后端,3-5年,本科,8k-16k,"五险一金,定期体检,周末双休,节日福利",移动互联网,开发|测试|运维类,"['带薪年假', '定期体检', '绩效奖金', '股票期权']",后端开发,南京
大悟多升网络科技有限公司,大悟多升,150-500人,不需要融资,南山区,python开发工程师,3-5年,大专,14k-25k,包住单间公寓 二三十天年假 海外工作机会,"移动互联网,游戏",开发|测试|运维类,[],后端开发,深圳
北京汉迪移动互联网科技股份有限公司,iHandy,150-500人,不需要融资,海淀区,Python开发工程师,1-3年,本科,15k-30k,"六险一金,水果零食多,按摩椅,大牛云集",移动互联网,开发|测试|运维类,"['带薪年假', '定期体检', '文化open', '扁平化管理']",后端开发,北京
成都蜗牛创想科技有限公司,信息技术、软件开发、测试及应用,50-150人,不需要融资,渝北区,Python讲师,3-5年,本科,12k-18k,五险一金，年底双薪，员工旅游，员工体检,"移动互联网,教育",开发|测试|运维类,"['年底双薪', '带薪年假', '定期体检', '绩效奖金']",后端开发,重庆
深圳市有光科技有限公司,有光科技,50-150人,A轮,南山区,高级Python后端开发工程师,3-5年,本科,15k-25k,明星创业团队，弹性工作制，福利超预期,人工智能,开发|测试|运维类,"['年底双薪', '带薪年假', '定期体检', '股票期权']",后端开发,深圳
上海思华科技股份有限公司,思华科技,150-500人,D轮及以上,浦东新区,Python工程师,3-5年,本科,18K-35K,弹性上班，培训机会，补充医疗，核心团队,移动互联网,开发|测试|运维类,"['节日礼物', '年底双薪', '专项奖金', '股票期权']",后端开发,上海
南京善道智能科技有限公司,善道智能,50-150人,不需要融资,建邺区,Python后端工程师,3-5年,不限,15k-25k,人工智能 炙手可热,"人工智能,企业服务",开发|测试|运维类,"['股票期权', '年终分红', '交通补助', '带薪年假']",后端开发,南京
东莞先知大数据有限公司,东莞先知大数据有限公司,50-150人,不需要融资,东莞市市辖区,python开发,3-5年,本科,8k-15k,包吃住 五险一金 零食 节日 户外,"数据服务,硬件",开发|测试|运维类,[],后端开发,东莞
腾讯科技（深圳）有限公司,腾讯,2000人以上,上市公司,海淀区,python后台开发（深圳）,3-5年,本科,30k-50k,大平台,社交,开发|测试|运维类,"['免费班车', '成长空间', '年度旅游', '岗位晋升']",后端开发,北京
网易（杭州）有限公司,网易,2000人以上,上市公司,天河区,python开发工程师,不限,本科,16k-25k,6险1金，带薪年假，免费猪厂食堂，16薪,电商,开发|测试|运维类,"['节日礼物', '技能培训', '免费班车', '带薪年假']",后端开发,广州
上海联元智能科技有限公司,联元智能科技,50-150人,A轮,普陀区,python数据开发,3-5年,本科,15k-30k,绩效、补充公积金,"移动互联网,数据服务",开发|测试|运维类,"['绩效奖金', '带薪年假', '补充公积金', '年底双薪']",后端开发,上海
北京思维造物信息科技有限公司,罗辑思维,150-500人,D轮及以上,朝阳区,python开发工程师（安全方向）,3-5年,本科,25k-50k,六险一金 年度体检 企业医生 弹性工作,"移动互联网,文娱丨内容",开发|测试|运维类,"['扁平管理', '帅哥多', '领导好', '美女多']",后端开发,北京
北京创源微致软件有限公司,创源微致,500-2000人,不需要融资,海淀区,python后端,3-5年,本科,15k-30k,创业公司，技术氛围浓厚，行业前景好,移动互联网,开发|测试|运维类,"['年底双薪', '带薪年假', '岗位晋升', '扁平管理']",后端开发,北京
北京视野金融信息服务有限公司,视野金融,50-150人,A轮,海淀区,Python大数据工程师,3-5年,本科,12k-16k,五险一金 加班补助 老板nice,"移动互联网,金融",开发|测试|运维类,"['股票期权', '绩效奖金', '岗位晋升', '扁平管理']",数据开发,北京
北京优思安科技有限公司,积云教育,150-500人,A轮,昌平区,Python高级讲师,3-5年,本科,20k-30k,"五险一金,餐补,周末双休,班车接送",教育,开发|测试|运维类,"['午餐补助', '带薪年假', '五险一金', '学校环境好']",后端开发,北京
北京极客晨星科技发展有限公司,极客晨星,150-500人,A轮,朝阳区,python讲师,1-3年,本科,15k-25k,五险一金 双休 股票期权 年终奖金,"移动互联网,教育",开发|测试|运维类,"['弹性工作', '领导好', '技能培训', '岗位晋升']",后端开发,北京
